front,back,apUnit,geoSpriteCategory,reasoningProcess,difficulty,mustKnow
"What was the Renaissance?","A cultural and intellectual movement (c. 1350-1550) that revived classical Greek and Roman learning, emphasized human potential and individual achievement, and shifted European culture toward secular humanism. Fun fact: Renaissance literally means ""rebirth"" -- Europe basically hit Ctrl+Z on the Middle Ages.",1,I,recall,easy,yes
"What year did the fall of Constantinople occur, and why does it matter?","1453. The Ottoman conquest of Constantinople disrupted traditional eastern trade routes, pushing Europeans to seek new sea routes to Asia -- which eventually led to the Age of Exploration. The Byzantines held on for 1,000 years after Rome fell, only to lose it all to a 21-year-old sultan.",1,G,recall,easy,yes
"What was Gutenberg's printing press and when was it developed?","Johannes Gutenberg developed movable-type printing around 1456. It revolutionized the spread of ideas by making books cheaper and faster to produce, laying the infrastructure for the Reformation and the Scientific Revolution. Basically the 15th-century version of going viral.",1,T,recall,easy,yes
"Who wrote The Prince and what was its main argument?","Niccolò Machiavelli (1513). He argued that effective rulers must prioritize practical results over moral ideals -- ""it is better to be feared than loved."" He was the original ""the ends justify the means"" guy.",1,P,recall,medium,yes
"What was the Commercial Revolution?","The expansion of European trade, banking, and capitalism (c. 1450-1600) that created new wealth, a merchant class, and financial instruments like joint-stock companies. Not to be confused with the Industrial Revolution -- this one runs on ships and ledgers, not steam and factories.",1,E,recall,medium,yes
"What is the Columbian Exchange?","The massive transfer of plants, animals, diseases, people, and ideas between the Americas and the Old World following Columbus's 1492 voyage. Europe got tomatoes and potatoes; the Americas got smallpox and horses. Worst trade deal in history for Indigenous peoples.",1,G,recall,easy,yes
"What were the New Monarchies?","Centralized states in France, England, and Spain (c. 1450-1550) that consolidated royal power through standing armies, professional bureaucracies, and new taxation. Think of them as Absolutism 0.5 -- the beta version.",1,P,recall,medium,yes
"What was the difference between Italian Renaissance humanism and Northern Renaissance humanism?","Italian humanism was more secular, focused on classical art, literature, and individual achievement. Northern humanism (Christian humanism) applied humanist textual criticism to religious texts -- Erasmus wanted to fix the Church, not ignore it.",1,I,recall,medium,yes
"What was Luther's central theological argument in the 95 Theses (1517)?","Luther attacked the sale of indulgences and argued that salvation comes through faith alone (sola fide), not through works or payments to the Church. He basically filed a complaint that went viral thanks to the printing press.",2,R,recall,easy,yes
"What was the Peace of Augsburg (1555)?","A settlement that allowed German princes to choose Lutheranism or Catholicism for their territories (cuius regio, eius religio). It excluded Calvinism and gave individuals no choice -- you worshipped whatever your prince picked.",2,P,recall,easy,yes
"What was the Thirty Years' War (1618-1648)?","Initially a religious conflict between Catholics and Protestants in the Holy Roman Empire that evolved into a secular power struggle involving most of Europe. It killed roughly a third of Germany's population. Catholic France allied with Protestant Sweden -- because geopolitics beats theology.",2,P,recall,medium,yes
"What did the Peace of Westphalia (1648) establish?","It ended the Thirty Years' War, recognized Calvinism alongside Lutheranism and Catholicism, weakened the Holy Roman Empire, and established the principle of state sovereignty. It's basically the birth certificate of the modern international system.",2,P,recall,easy,yes
"What was the Council of Trent (1545-1563)?","The Catholic Church's response to the Reformation: it reaffirmed Catholic doctrine, reformed clerical abuses, and launched the Counter-Reformation. Think of it as the Church's software update -- fixing bugs while insisting the operating system was always correct.",2,R,recall,medium,yes
"What was the St. Bartholomew's Day Massacre (1572)?","The mass killing of Huguenots (French Calvinists) by Catholic mobs in Paris and across France during the French Wars of Religion. Estimates range from 5,000 to 30,000 dead. It showed that religious hatred could override any political settlement.",2,R,recall,medium,yes
"How did Henry VIII's break from Rome differ from Luther's Reformation?","Henry's break was political (he wanted an annulment the Pope wouldn't grant), not theological -- he stayed doctrinally Catholic but made himself head of the English Church via the Act of Supremacy (1534). Luther wanted to fix theology; Henry wanted a divorce.",2,P,recall,medium,yes
"What was French absolutism under Louis XIV?","Louis XIV (r. 1643-1715) centralized all French royal power, built Versailles to control the nobility, pursued mercantilist economic policy under Colbert, revoked the Edict of Nantes, and waged expensive wars. ""L'état, c'est moi"" -- the state is me. He literally built a palace so fancy that nobles couldn't afford to compete.",3,P,recall,easy,yes
"What was the Glorious Revolution (1688-1689)?","The bloodless overthrow of James II and his replacement by William and Mary, who accepted the English Bill of Rights. It established parliamentary sovereignty and constitutional monarchy in England. ""Glorious"" because apparently no one bled -- at least no one English.",3,P,recall,easy,yes
"What was mercantilism?","An economic theory holding that national wealth is measured by gold/silver reserves, and that the state should control trade to maintain a favorable balance. Colbert perfected it in France. Think of it as the economic equivalent of hoarding -- but for entire countries.",3,E,recall,medium,yes
"What was Peter the Great's westernization of Russia?","Peter (r. 1682-1725) modernized Russia's military, built St. Petersburg as a ""window on the West,"" forced Western dress and customs on the nobility, and tightened serfdom to fund reforms. He literally taxed beards -- that's how committed he was to Westernization.",3,P,recall,medium,yes
"What was the Dutch Golden Age?","The 17th-century period when the Dutch Republic became Europe's wealthiest state through commercial dominance, religious toleration, and republican government. The VOC was the most valuable company in history. A tiny swamp nation became a global superpower through trade and tolerance.",3,E,recall,medium,yes
"What was the Scientific Revolution?","The transformation in European understanding of the natural world (c. 1543-1687) from Aristotelian/Ptolemaic tradition to empirical, mathematical science. Key figures: Copernicus, Galileo, Newton. It proved that watching the sky carefully beats reading Aristotle repeatedly.",4,I,recall,easy,yes
"Who was Isaac Newton and what did he contribute?","Newton published Principia Mathematica (1687), establishing the laws of universal gravitation and motion. He unified terrestrial and celestial physics into one mathematical framework. An apple supposedly fell on his head, and he responded by explaining the entire universe.",4,I,recall,easy,yes
"What did John Locke argue in Two Treatises of Government (1690)?","Locke argued that government exists by the consent of the governed to protect natural rights (life, liberty, property), and that people have the right to rebel against tyrannical government. He's basically the philosopher the American Revolution put on speed dial.",4,I,recall,easy,yes
"What was the Enlightenment?","An 18th-century intellectual movement that applied reason, empiricism, and skepticism to politics, society, and religion. Key thinkers: Voltaire, Montesquieu, Rousseau, Diderot. They believed reason could fix everything -- spoiler: the French Revolution tested that theory hard.",4,I,recall,easy,yes
"What did Adam Smith argue in The Wealth of Nations (1776)?","Smith argued that free markets, guided by the ""invisible hand"" of supply and demand, create more wealth than mercantilist state control. He also supported public education and bank regulation -- the free-market fundamentalists always forget those parts.",4,E,recall,medium,yes
"How did Rousseau's political philosophy differ from Locke's?","Locke emphasized individual natural rights and limited government. Rousseau emphasized the ""general will"" and popular sovereignty -- the community's collective interest supersedes individual preference. Locke protects you from the state; Rousseau might force you to be free.",4,I,recall,hard,yes
"What was enlightened despotism?","Rulers like Frederick the Great, Catherine the Great, and Joseph II who adopted Enlightenment language and reforms (religious toleration, legal reform, education) while maintaining autocratic power. Basically: ""I read Voltaire, but I'm still the boss.""",4,P,recall,medium,yes
"What were the causes of the French Revolution?","Three reinforcing causes: (1) fiscal crisis from wars and debt, (2) Enlightenment ideas challenging the legitimacy of the Old Regime, and (3) social inequality among the Three Estates. The fuse was economic, but the powder was ideological.",5,P,recall,easy,yes
"What was the Tennis Court Oath (1789)?","Members of the Third Estate, locked out of their meeting hall, gathered at a tennis court and swore not to disband until they had written a constitution. It was the moment the Revolution stopped being a protest and became a political revolution.",5,P,recall,easy,yes
"What was the Reign of Terror (1792-1794)?","The radical phase of the French Revolution under the Committee of Public Safety (led by Robespierre), during which thousands were executed by guillotine in the name of defending the Revolution. Robespierre literally argued that terror is virtue. The Revolution ate its own children.",5,P,recall,easy,yes
"What was the Napoleonic Code?","Napoleon's comprehensive legal code (1804) that established legal equality, abolished feudal privileges, secularized law, and protected property rights. It permanently shaped European law -- even countries that hated Napoleon kept his legal system.",5,P,recall,medium,yes
"What did the Congress of Vienna (1814-1815) establish?","Restored conservative monarchies, redrew European borders to create a balance of power, and established the Concert of Europe to prevent future revolution and war. Led by Metternich, it was basically a group project in rolling back 25 years of revolution.",5,P,recall,easy,yes
"What was the Continental System?","Napoleon's blockade (1806-1814) attempting to isolate Britain from European trade. It failed because European economies depended on British goods, and smuggling was rampant. Napoleon tried to cancel Britain's Amazon Prime, but everyone kept ordering anyway.",5,E,recall,medium,no
"What was the Haitian Revolution?","The successful slave revolt in Saint-Domingue (1791-1804) that created Haiti, the first independent Black republic. It exposed the contradiction between French revolutionary ideals and colonial slavery. Liberty, equality, fraternity -- but only if you're French and white? Haiti said no.",5,S,recall,medium,yes
"What were Britain's advantages in early industrialization?","Coal and iron deposits, capital from colonial trade, navigable rivers and canals, a mobile labor force (from enclosure), stable government, and a culture of entrepreneurship. Britain basically rolled a natural 20 on every prerequisite for industrialization.",6,E,recall,easy,yes
"What was the factory system?","The concentration of workers in centralized facilities with machine-powered production, replacing artisanal workshops. Workers lost control over their pace, tools, and product. From ""I make shoes"" to ""I operate Machine #7 for 14 hours a day.""",6,T,recall,easy,yes
"Who were Marx and Engels and what did the Communist Manifesto (1848) argue?","Karl Marx and Friedrich Engels argued that history is driven by class struggle, that capitalism will collapse under its own contradictions, and that the proletariat will seize the means of production. ""Workers of the world, unite!"" -- the 19th century's most viral tweet.",6,I,recall,easy,yes
"What was the Second Industrial Revolution (c. 1870-1914)?","A new wave of industrialization driven by steel, chemicals, electricity, and the internal combustion engine. It created modern consumer society, corporate capitalism, and the technologies that would make World War I so devastating.",6,T,recall,medium,yes
"What were Factory Acts?","British legislation (starting in the 1830s-1840s) regulating child labor, working hours, and factory conditions. They represented the first major government intervention in industrial capitalism. The government finally decided that maybe 6-year-olds shouldn't work in coal mines.",6,P,recall,medium,no
"What was urbanization's impact during industrialization?","Massive migration from countryside to cities created overcrowding, disease epidemics (cholera, typhus), class-segregated neighborhoods, and new social problems -- but also new cultural institutions, political organizations, and eventually public health reform.",6,S,recall,medium,yes
"What were the Revolutions of 1848?","Widespread liberal and nationalist uprisings across Europe (France, German states, Habsburg Empire, Italian states) that demanded constitutions, national self-determination, and expanded suffrage. They mostly failed in their immediate goals but ended serfdom in the Habsburg Empire and proved popular demands couldn't be ignored forever.",7,P,recall,easy,yes
"How did Bismarck unify Germany?","Through ""blood and iron"" -- Realpolitik and three wars (Danish War 1864, Austro-Prussian War 1866, Franco-Prussian War 1870-71). He unified Germany from above through Prussian military power, not through liberal revolution. Bismarck basically speedran nation-building with a cheat code called ""the Prussian army.""",7,P,recall,easy,yes
"What was the Scramble for Africa?","The rapid European colonization of Africa (1880s-1900s) formalized at the Berlin Conference (1884-85). Driven by industrial demand for raw materials, strategic competition, and ideologies like Social Darwinism and the ""civilizing mission."" Europeans carved up an entire continent at a conference where no Africans were invited.",7,P,recall,easy,yes
"What was the Dreyfus Affair?","The wrongful conviction of Alfred Dreyfus, a French Jewish military officer, for treason (1894). The affair exposed deep antisemitism in French society and split France into Dreyfusards (republicans, liberals) and anti-Dreyfusards (nationalists, Catholics, army). It proved that nationalism and antisemitism were potent political forces even in the republic of ""liberty, equality, fraternity.""",7,S,recall,hard,yes
"What were the alliance systems before WWI?","The Triple Alliance (Germany, Austria-Hungary, Italy) vs. the Triple Entente (France, Russia, Britain). These alliances turned a regional crisis (Archduke Franz Ferdinand's assassination) into a continental war. Europe built a Rube Goldberg machine of mutual defense pacts and then was shocked when it activated.",7,P,recall,medium,yes
"What was Italian unification and who were its key figures?","Mazzini (nationalist visionary), Cavour (Piedmontese diplomat who engineered French support), and Garibaldi (popular military leader). Italy unified through a combination of top-down diplomacy and bottom-up popular revolt (1859-1871). Three guys with very different plans somehow built one country.",7,P,recall,medium,yes
"What caused World War I?","Militarism, alliances, imperialism, and nationalism (MAIN) combined with the specific trigger of Archduke Franz Ferdinand's assassination (1914). No single cause was sufficient -- all four had to work together to turn a Balkan crisis into a world war.",8,P,recall,easy,yes
"What was trench warfare?","The dominant military strategy on the Western Front of WWI: opposing armies dug extensive trench systems, creating a stalemate where massive offensives gained almost no ground at enormous human cost. The Battle of the Somme (1916) killed over 1 million men for about 6 miles of territory.",8,T,recall,easy,yes
"What was the Russian Revolution of 1917?","Two revolutions: the February Revolution overthrew the Tsar and established a provisional government; the October Revolution (led by Lenin and the Bolsheviks) overthrew that government and established communist rule. Russia went from absolute monarchy to communist dictatorship in eight months.",8,P,recall,easy,yes
"What was the Treaty of Versailles (1919)?","The peace treaty ending WWI that imposed war guilt, reparations, territorial losses, and military restrictions on Germany. It satisfied nobody: too harsh for Germany, too lenient for France. The diplomatic equivalent of an unsaved group project that everyone regrets.",8,P,recall,easy,yes
"What was the Great Depression's impact on European politics?","The 1929 crash and subsequent global depression discredited liberal democracy and capitalism, radicalized populations, and empowered extremist parties. In Germany, unemployment reached 30%, directly fueling Nazi electoral gains.",8,E,recall,medium,yes
"What was the Holocaust?","The systematic, state-sponsored genocide of six million European Jews by Nazi Germany (1941-1945), along with millions of Roma, disabled people, political opponents, and others. It was industrial-scale murder enabled by modern bureaucracy, technology, and racial ideology.",8,S,recall,easy,yes
"What was appeasement?","The British and French policy of making concessions to Hitler (notably at Munich, 1938) to avoid war. It failed because Hitler's ambitions were unlimited. Chamberlain returned from Munich promising ""peace for our time"" -- he was off by about 11 months.",8,P,recall,medium,yes
"What caused the rise of Nazism in Germany?","A chain of causes: Versailles humiliation, Weimar instability, hyperinflation (1923), the Great Depression (1929), conservative elites who thought they could control Hitler, and Nazi propaganda exploiting economic despair and nationalist resentment.",8,P,recall,medium,yes
"What was the Marshall Plan?","The U.S. economic aid program (1948-1952) that provided $13 billion to rebuild Western European economies after WWII. It was both genuinely humanitarian and strategically anti-communist -- America bought allies with reconstruction dollars.",9,E,recall,easy,yes
"What was the Iron Curtain?","Winston Churchill's term (1946) for the political and ideological division of Europe between Western liberal democracies and Soviet-controlled communist states. The Berlin Wall (1961-1989) was its most literal, concrete manifestation.",9,G,recall,easy,yes
"What was the Berlin Wall and when did it fall?","Built in 1961 to prevent East Germans from fleeing to West Berlin; fell on November 9, 1989, when East German authorities accidentally announced open borders. It was the Cold War's most powerful symbol: freedom on one side, repression on the other, separated by concrete and barbed wire.",9,P,recall,easy,yes
"What was the European Union's development path?","ECSC (1951) -> EEC/Treaty of Rome (1957) -> Single European Act (1986) -> Maastricht Treaty/EU (1992) -> Euro currency (1999/2002) -> enlargement to Eastern Europe. The EU turned ""never again"" into a supranational institution.",9,P,recall,medium,yes
"What was the Solidarity movement?","A Polish trade union and social movement (founded 1980) led by Lech Walesa that challenged communist rule. It was the first independent labor union in a Soviet-bloc country and helped trigger the collapse of communism in Eastern Europe.",9,P,recall,medium,yes
"What caused the collapse of the Soviet Union?","Economic stagnation, the failure of central planning, Gorbachev's reforms (glasnost and perestroika) that unleashed forces he couldn't control, Eastern European dissent (Solidarity, Charter 77), and the structural contradictions of trying to modernize a system built on repression.",9,P,recall,medium,yes
"What was decolonization?","The process (1945-1970s) by which European colonial empires dissolved and former colonies gained independence, driven by WWII's weakening of European powers, Cold War superpower pressure, and independence movements inspired by Enlightenment ideals turned against the colonizers.",9,P,recall,medium,yes
"Which Geo-SPRITE lens is strongest for analyzing the Age of Exploration?","Economic (E) is dominant. The Commercial Revolution, Atlantic trade, the Columbian Exchange, and the price revolution restructured European society from the ground up. Geography (G) is a strong secondary -- the Mediterranean-to-Atlantic shift determined which states gained power.",1,E,application,easy,yes
"Which Geo-SPRITE lens is strongest for analyzing the Protestant Reformation?","Religious (R) is dominant -- theology drove the initial break and shaped confessional identities. Political (P) is the essential secondary -- every religious question became a political question about who controls the church and who decides subjects' religion.",2,R,application,easy,yes
"Which Geo-SPRITE lens is strongest for analyzing absolutism vs. constitutionalism?","Political (P) is dominant -- the central question is how states organized power. Economic (E) is the key secondary: mercantilism funded absolutism; commercial capitalism empowered the Dutch and English merchant classes who demanded representation.",3,P,application,easy,yes
"Which Geo-SPRITE lens is strongest for analyzing the Scientific Revolution and Enlightenment?","Intellectual (I) is dominant -- the defining feature is the transformation from tradition and revelation to reason and empiricism. Political (P) is the key secondary, since Enlightenment philosophy provided ammunition for reform and revolution.",4,I,application,easy,yes
"Which Geo-SPRITE lens is strongest for analyzing the French Revolution?","Political (P) is dominant -- the destruction and reconstruction of political systems is the central theme. Social (S) is the key secondary -- the Revolution was driven by class conflict (Third Estate vs. privileged orders).",5,P,application,easy,yes
"Which Geo-SPRITE lens is strongest for analyzing the Industrial Revolution?","Economic (E) is dominant -- industrialization was fundamentally an economic transformation from agrarian/artisanal production to factory capitalism. Social (S) is essential secondary: new classes (bourgeoisie, proletariat), new living conditions, new exploitation.",6,E,application,easy,yes
"Which Geo-SPRITE lens is strongest for analyzing 19th-century nationalism?","Political (P) is dominant -- revolutions, unification movements, suffrage expansion, and mass politics defined the era. Intellectual (I) is the key secondary: competing ideologies (conservatism, liberalism, nationalism, socialism) provided frameworks for political action.",7,P,application,easy,yes
"Which Geo-SPRITE lens is strongest for analyzing the World Wars?","Political (P) is dominant -- the destruction and reconstruction of political systems. Technology (T) is a critical secondary -- total war was enabled by industrial technology (machine guns, tanks, aircraft, nuclear weapons). Economic (E) is also essential for explaining radicalization and recovery.",8,P,application,medium,yes
"Which Geo-SPRITE lens is strongest for analyzing the Cold War?","Political (P) is dominant -- a contest between two political systems. Economic (E) is the key secondary: Marshall Plan vs. Comecon, market economies vs. planned economies, and economic integration as Europe's path forward.",9,P,application,easy,yes
"How would you use the printing press as evidence in a causation essay about the Reformation?","The printing press is a Technology (T) lens evidence piece that shows how technological infrastructure enabled religious and intellectual transformation. It didn't CAUSE the Reformation, but it was a necessary precondition -- without it, Luther's 95 Theses remain a local academic dispute. Use it to show T -> R -> P causation.",2,T,application,medium,yes
"How would you use Napoleon's Napoleonic Code as evidence in a CCOT essay?","The Napoleonic Code demonstrates the continuity of revolutionary legal principles (legal equality, end of feudal privilege, secular law) even after the Revolution's political ideals collapsed into authoritarianism. Use it to show that the Code represents genuine change (from feudal law to rational law) persisting through political discontinuity.",5,P,application,hard,yes
"How would you use the Haitian Revolution as evidence in an essay about Enlightenment ideals?","The Haitian Revolution is powerful ""complexity"" evidence: it shows enslaved people applying French revolutionary principles (liberty, equality) more consistently than the French themselves. Use it to argue that Enlightenment universalism contained contradictions that colonized peoples exploited to demand their own freedom.",5,I,application,hard,yes
"A prompt asks about the causes of WWI. Which Geo-SPRITE lenses would you foreground and which would you downplay?","Foreground: Political (P) for alliance systems and imperial rivalry; Intellectual (I) for nationalism and militarism; Economic (E) for industrial competition. Downplay: Religious (R) -- religion was essentially irrelevant to WWI's causes. Geography (G) matters for Balkans context but isn't dominant.",8,P,application,medium,yes
"How would you use Bismarck's welfare legislation as evidence in an essay about socialism?","Bismarck's welfare laws (1880s) show conservatism co-opting socialist demands to prevent revolution. This is powerful evidence for the argument that socialism's greatest impact was often indirect -- it forced its opponents to adopt welfare measures. Use this for complexity: the welfare state was built by a conservative, not a socialist.",7,P,application,hard,yes
"How would you use the Dutch Republic as evidence in an essay about absolutism?","The Dutch Republic (commercial success, religious toleration, republican government) is the best counter-example to the claim that absolutism was necessary for state power. Use it to add complexity: constitutionalism and toleration could produce wealth and stability, challenging the absolutist model.",3,E,application,medium,yes
"A prompt asks about the effects of industrialization. What's the most common Geo-SPRITE mistake students make?","Category dumping -- listing all seven lenses with superficial connections. Instead, foreground E (economic transformation), S (new class structure, urbanization), and T (specific innovations). Acknowledge what's weak: R (religion was largely irrelevant to industrialization's mechanics).",6,E,application,medium,yes
"How would you use the Treaty of Westphalia as evidence for a long essay about the development of the modern state system?","Westphalia established state sovereignty as the organizing principle of international relations. Use the Political (P) lens as primary evidence for the shift from religious to secular diplomacy. Add Geography (G) for the territorial basis of sovereignty. This is a mega-pattern piece connecting Units 2-3.",2,P,application,medium,yes
"How would you use salons and coffeehouses as evidence in an essay about the Enlightenment?","Salons and coffeehouses demonstrate the Social (S) infrastructure of Intellectual (I) change. They show that the Enlightenment wasn't just about great thinkers writing books -- it required a public sphere where ideas could circulate, be debated, and reach audiences beyond the university. Use them to connect I and S lenses.",4,S,application,medium,no
"How would you use the Scramble for Africa as evidence in an essay about nationalism?","The Scramble for Africa shows nationalism's evolution from a liberating force (1848) to an aggressive, exclusionary one (1880s-1914). Use Political (P) and Economic (E) lenses: imperial competition was driven by industrial demand for raw materials AND nationalist prestige. This demonstrates mega-pattern #26: nationalism as liberation to nationalism as aggression.",7,P,application,hard,yes
"How would you use Peter the Great's reforms as evidence in a comparison essay about absolutism?","Peter is the best example of absolutism's contradictions: he modernized Russia's elite culture and military (Westernization) while strengthening serfdom for the peasant majority. Use P (political centralization) and S (social divergence between elite and peasant) to show that ""modernization"" at the top coexisted with increased oppression at the bottom.",3,S,application,hard,yes
"An LEQ asks about the most significant cause of the French Revolution. How do you use Geo-SPRITE to structure your argument?","Thesis: The fiscal crisis (E) was the most significant immediate cause because it forced the calling of the Estates-General. Body 1: E lens -- France's debt from wars made reform unavoidable. Body 2: I lens -- Enlightenment ideas provided the vocabulary for challenging the Old Regime. Body 3: S lens for complexity -- class resentment (Third Estate) gave revolutionary ideas a mass base. Downplay G and T.",5,E,application,hard,yes
"A DBQ asks about European responses to industrialization. How would you categorize documents using Geo-SPRITE?","Sort documents by lens: government reports on factory conditions = P lens; worker testimony about hours/wages = S and E lenses; socialist pamphlets = I lens; descriptions of machinery = T lens. Use the framework to identify which lenses the documents cluster around, then find gaps -- a missing lens is often your outside evidence opportunity.",6,S,application,hard,yes
"How would you use the fall of the Berlin Wall as evidence in an essay about the Cold War's end?","The Wall's fall (1989) demonstrates the Geography (G) and Political (P) dimensions of the Cold War's end. It was both a literal and symbolic collapse of the Iron Curtain. Combine with Economic (E) -- East Germany's economic stagnation vs. West German prosperity made the Wall unsustainable. The Wall didn't just divide a city; it divided two economic systems.",9,G,application,medium,yes
"How would you use Mary Wollstonecraft's Vindication of the Rights of Woman as evidence in an Enlightenment essay?","Wollstonecraft exposes the Enlightenment's internal contradictions using the Intellectual (I) and Social (S) lenses. She turned Enlightenment universalism against its own practitioners: if reason is universal, excluding women is irrational. Use her to demonstrate complexity -- the Enlightenment's most radical implications came from those it excluded.",4,I,application,hard,no
"How would you use the Marshall Plan as evidence for a CCOT essay about European economic systems?","The Marshall Plan marks a turning point from national economies to transatlantic interdependence and eventual European integration. E lens: American capital rebuilt European economies. P lens: aid was conditional on cooperation, laying groundwork for the ECSC and EEC. Use it to show how post-WWII reconstruction fundamentally changed Europe's economic structure.",9,E,application,medium,yes
"Compare the Italian Renaissance and the Northern Renaissance using the Intellectual (I) lens.","Italian Renaissance: secular humanism, revival of classical art and philosophy, emphasis on individual achievement and worldly glory (Petrarch, Michelangelo). Northern Renaissance: Christian humanism, applied classical scholarship to religious texts, emphasized moral reform (Erasmus, Thomas More). Both valued classical learning, but Italians looked to pagan Rome while Northerners used humanism to reform Christianity.",1,I,comparison,medium,yes
"Compare Portuguese and Spanish exploration using the Geographic (G) and Economic (E) lenses.","Portugal built a trade-post empire along African and Asian coasts, focused on controlling existing trade routes (spices, gold). Spain built a conquest empire in the Americas, focused on territorial control and resource extraction (silver, sugar). Portugal wanted to redirect trade; Spain wanted to own land. Both were shaped by their Atlantic-facing geography.",1,G,comparison,medium,yes
"Compare Luther and Calvin using the Religious (R) and Political (P) lenses.","Luther: salvation by faith alone; allied with German princes; church subordinate to state. Calvin: predestination; built an international movement from Geneva; developed resistance theory justifying rebellion against ungodly rulers. Luther told princes to control the church; Calvin told believers to defy ungodly princes.",2,R,comparison,medium,yes
"Compare the Peace of Augsburg (1555) and the Peace of Westphalia (1648) using the Political (P) lens.","Augsburg: recognized only Lutheranism and Catholicism; rulers chose religion for their subjects; limited to the HRE. Westphalia: added Calvinism; weakened the HRE; established the principle of state sovereignty that became the basis of the modern international system. Augsburg was a patch; Westphalia was an operating system upgrade.",2,P,comparison,medium,yes
"Compare French absolutism (Louis XIV) and English constitutionalism (William and Mary) using the Political (P) lens.","Louis XIV: centralized all power in the crown; domesticated nobility at Versailles; no independent legislature. William and Mary: accepted the Bill of Rights; parliamentary sovereignty; power shared between crown and Parliament. Same century, same challenge (post-war stability), opposite solutions.",3,P,comparison,easy,yes
"Compare Western European serfdom (declining) and Eastern European serfdom (strengthening) in the early modern period using the Social (S) and Economic (E) lenses.","West: Black Death gave survivors bargaining power; commercial agriculture and urbanization offered alternatives; serfdom faded by 1500. East: nobility consolidated control over land and labor; grain exports to the West incentivized coerced labor; serfdom strengthened from 1500-1800. Same continent, opposite trajectories.",3,S,comparison,hard,yes
"Compare Locke and Hobbes using the Political (P) and Intellectual (I) lenses.","Both used social contract theory but reached opposite conclusions. Hobbes: humans are selfish; without absolute authority, life is ""nasty, brutish, and short""; absolutism is justified. Locke: humans have natural rights; government exists only by consent to protect those rights; rebellion against tyranny is justified. Same premise, opposite politics.",4,I,comparison,medium,yes
"Compare Locke and Rousseau using the Intellectual (I) lens.","Locke: individual natural rights (life, liberty, property); government protects individuals from each other; limited government. Rousseau: the general will of the community supersedes individual interests; true freedom comes from submission to the collective good; popular sovereignty. Locke protects you from the state; Rousseau might ""force you to be free.""",4,I,comparison,hard,yes
"Compare the moderate and radical phases of the French Revolution using the Political (P) and Social (S) lenses.","Moderate phase (1789-1792): constitutional monarchy, Declaration of Rights of Man, legal reform, led by bourgeois liberals. Radical phase (1792-1794): republic, execution of the king, the Terror, de-Christianization, led by Jacobins drawing support from urban sans-culottes. Same revolution, different classes driving it, wildly different outcomes.",5,P,comparison,medium,yes
"Compare Napoleon as a liberator and Napoleon as an authoritarian using the Political (P) lens.","Liberator: Napoleonic Code ended feudal privilege, established legal equality, secularized law across Europe. Authoritarian: crowned himself Emperor, censored the press, imposed French hegemony, created puppet states. He was both simultaneously -- the Code freed people from feudalism while his armies conquered them.",5,P,comparison,medium,yes
"Compare the American and French Revolutions using the Social (S) lens.","American Revolution: limited social change; preserved slavery; political power shifted within existing elites. French Revolution: radical social transformation; abolished feudalism and legal estates; attempted to rebuild society from scratch. America changed who governed; France tried to change what society was.",5,S,comparison,hard,yes
"Compare British and German industrialization using the Economic (E) and Political (P) lenses.","Britain: early (1760s+), coal-driven, laissez-faire, market-led, gradual. Germany: late (1850s+), state-directed, bank-financed, rapid, deliberately strategic. Britain stumbled into industrialization through market forces; Germany planned its way there through state policy. Different paths to the same destination.",6,E,comparison,medium,yes
"Compare Utopian socialism and Marxist socialism using the Intellectual (I) lens.","Utopian socialists (Owen, Fourier): built model communities to demonstrate a better society; believed change could come through example and persuasion. Marxists: argued that class struggle is the engine of history; only violent revolution can overthrow capitalism. Utopians built sandcastles; Marx said burn down the beach.",6,I,comparison,medium,yes
"Compare Italian unification (Cavour/Garibaldi) and German unification (Bismarck) using the Political (P) lens.","Italy: combination of Cavour's top-down diplomacy (allied with France) and Garibaldi's bottom-up popular revolt. Germany: entirely top-down through Bismarck's Realpolitik and three wars of unification using Prussian military power. Italy was a messy collaboration; Germany was a Prussian construction project.",7,P,comparison,medium,yes
"Compare liberal nationalism (1848) and aggressive nationalism (1870s-1914) using the Intellectual (I) lens.","1848 nationalism: liberal, sought self-determination and constitutions, allied with democracy. Late 19th-century nationalism: aggressive, exclusionary, allied with imperialism, Social Darwinism, and ethnic chauvinism. Same word, completely different politics. Nationalism went from ""free the people"" to ""dominate the world.""",7,I,comparison,medium,yes
"Compare Italian fascism and German Nazism using the Political (P) and Intellectual (I) lenses.","Italian fascism: authoritarian nationalist, corporatist state, less systematically racial (until German pressure). German Nazism: racial ideology at its core, industrial genocide, Lebensraum expansionism. Both were totalitarian and ultranationalist, but Nazism's racial biology made it uniquely destructive.",8,P,comparison,hard,yes
"Compare WWI and WWII using the Technology (T) lens.","WWI: trench warfare stalemate, poison gas, machine guns, early tanks and aircraft. WWII: mobile warfare (blitzkrieg), strategic bombing of civilians, radar, jet aircraft, nuclear weapons. WWI showed that technology could create deadlock; WWII showed it could create total destruction.",8,T,comparison,medium,yes
"Compare the Marshall Plan and Comecon using the Economic (E) lens.","Marshall Plan: American aid rebuilt Western European economies, encouraged cooperation, created prosperity. Comecon: Soviet economic bloc subordinated Eastern European economies to Soviet needs, centralized planning, produced stagnation. Same goal (economic alignment with a superpower), opposite results.",9,E,comparison,medium,yes
"Compare the Hungarian Revolution (1956) and the Solidarity movement (1980s) using the Political (P) lens.","Hungary 1956: spontaneous uprising crushed by Soviet tanks; demonstrated that Moscow would use force. Solidarity 1980s: sustained movement combining workers, intellectuals, and the Church; succeeded because the USSR under Gorbachev was unwilling/unable to intervene. Same impulse, different outcomes -- timing and Soviet capacity mattered.",9,P,comparison,hard,yes
"Compare Western European welfare states and Soviet planned economies using the Economic (E) and Social (S) lenses.","Welfare states: mixed economies with private ownership plus social safety nets (healthcare, pensions, unemployment insurance); maintained individual choice. Soviet system: state ownership of all means of production, centralized allocation, guaranteed employment but restricted freedom. Both promised security; one delivered it with freedom, the other without.",9,E,comparison,medium,yes
"Write a contextualization starter for a prompt about the Protestant Reformation.","Before Luther's 95 Theses challenged papal authority, Renaissance humanism had already equipped European thinkers with the tools of textual criticism and the printing press had created the infrastructure for ideas to spread rapidly -- turning what might have been a local theological dispute into a continent-wide movement within weeks.",2,R,context,medium,yes
"Write a contextualization starter for a prompt about the Scientific Revolution.","Before Copernicus and Galileo overturned centuries of accepted cosmology, the Renaissance had already demonstrated that classical authority could be questioned and that direct observation of the world could yield knowledge superior to inherited tradition.",4,I,context,medium,yes
"Write a contextualization starter for a prompt about the French Revolution.","Before the French Revolution attempted to rebuild society on Enlightenment principles, a century of philosophical argument -- from Locke's natural rights to Rousseau's popular sovereignty -- had already provided the intellectual ammunition to challenge the legitimacy of absolute monarchy and hereditary privilege.",5,I,context,medium,yes
"Write a contextualization starter for a prompt about the Industrial Revolution.","Before factories transformed European economies, the Agricultural Revolution had already increased food production through enclosure, crop rotation, and selective breeding, creating both the surplus labor and the surplus food that made urbanization and industrial growth possible.",6,E,context,medium,yes
"Write a contextualization starter for a prompt about European imperialism in Africa.","Before the Scramble for Africa divided the continent among European powers, industrialization had already given European states the military technology (machine guns, steamships), the economic motivation (demand for raw materials and markets), and the communication infrastructure (telegraph, railways) to project power across the globe.",7,T,context,medium,yes
"Write a contextualization starter for a prompt about the rise of fascism.","Before fascism seized power in Italy and Germany, World War I had already shattered faith in liberal democracy by revealing that the civilized nations of Europe could slaughter millions in a pointless war -- and the Great Depression then destroyed the economic foundations on which democratic legitimacy rested.",8,P,context,medium,yes
"Write a contextualization starter for a prompt about the Cold War in Europe.","Before the Iron Curtain divided Europe, two world wars had already demonstrated that European nationalism, unchecked by supranational structures, could produce catastrophic destruction -- making the continent ripe for reorganization by the two superpowers that emerged from the rubble.",9,P,context,medium,yes
"Write a contextualization starter for a prompt about absolutism.","Before Louis XIV perfected absolutism at Versailles, the devastating Wars of Religion and the Thirty Years' War had convinced many Europeans that only a powerful, centralized monarchy could prevent the kind of chaos and bloodshed that had consumed the continent for over a century.",3,P,context,medium,yes
"Write a contextualization starter for a prompt about the Congress of Vienna.","Before Metternich and the conservative powers attempted to restore the old order at the Congress of Vienna, twenty-five years of revolution and Napoleonic warfare had demonstrated both the power and the danger of Enlightenment political ideals -- making conservative leaders determined to suppress them permanently.",5,P,context,medium,yes
"Write a contextualization starter for a prompt about the revolutions of 1848.","Before liberal and nationalist movements erupted across Europe in 1848, decades of conservative repression under the Concert of Europe had failed to eliminate the Enlightenment ideals of popular sovereignty and national self-determination -- they had merely driven them underground, where industrialization and urbanization gave them a growing audience.",7,I,context,medium,yes
"Write a contextualization starter for a prompt about German unification.","Before Bismarck unified Germany through blood and iron, the failure of the 1848 Frankfurt Parliament had already demonstrated that liberal nationalism alone could not overcome the resistance of entrenched conservative powers -- creating the conditions for a top-down, militaristic path to unification.",7,P,context,hard,yes
"Write a contextualization starter for a prompt about WWI.","Before the assassination of Archduke Franz Ferdinand triggered the chain of alliances that produced a continental war, decades of imperial competition, arms races, and nationalist agitation had already created a European order so fragile that any major crisis could shatter it.",8,P,context,medium,yes
"Write a contextualization starter for a prompt about the Holocaust.","Before the Nazis implemented the Final Solution, centuries of European antisemitism -- from medieval religious persecution to 19th-century racial pseudoscience to the political antisemitism exposed by the Dreyfus Affair -- had already created the cultural preconditions for dehumanization on an unprecedented scale.",8,S,context,hard,yes
"Write a contextualization starter for a prompt about European integration.","Before the Treaty of Rome created the European Economic Community, the catastrophic self-destruction of two world wars had convinced key European leaders like Schuman and Monnet that economic interdependence was the only way to make war between European nations ""not merely unthinkable, but materially impossible.""",9,E,context,medium,yes
"Write a contextualization starter for a prompt about the collapse of communism in Eastern Europe.","Before the Berlin Wall fell in 1989, decades of economic stagnation, political repression, and the visible contrast between Western prosperity and Eastern scarcity had already hollowed out the communist system's legitimacy -- Gorbachev's reforms simply removed the last prop holding up a structure that was already collapsing from within.",9,E,context,medium,yes
"Write a contextualization starter for a prompt about the Columbian Exchange.","Before Columbus's voyage initiated the massive biological and cultural exchange between the Old and New Worlds, the fall of Constantinople had already disrupted Europe's access to eastern trade routes, creating the economic incentive for Atlantic exploration that made the encounter possible.",1,G,context,medium,yes
"Write a contextualization starter for a prompt about Napoleon.","Before Napoleon seized power and exported revolutionary ideals across Europe by conquest, the French Revolution had already demonstrated both the transformative potential and the terrifying instability of Enlightenment political principles -- the Terror proved that reason could justify destruction as easily as liberation.",5,P,context,hard,yes
"Write a contextualization starter for a prompt about the women's suffrage movement.","Before organized suffrage movements demanded the vote for women in the late 19th century, the Enlightenment's claim of universal natural rights had already created an intellectual contradiction that thinkers like Mary Wollstonecraft exposed: if reason is universal, then excluding half of humanity from political participation is irrational by the Enlightenment's own standards.",7,S,context,hard,no
"Write a contextualization starter for a prompt about decolonization.","Before independence movements dismantled European colonial empires after 1945, two world wars had already fatally weakened the European states that controlled them, while the democratic and self-determination principles those states claimed to fight for provided colonized peoples with the very arguments they needed to demand freedom.",9,P,context,medium,yes
"Write a contextualization starter for a prompt about the Russian Revolution.","Before Lenin and the Bolsheviks seized power in October 1917, three years of catastrophic military defeats, food shortages, and the collapse of tsarist authority had already destroyed the Russian state's ability to function -- the Revolution did not overthrow a strong government but filled the vacuum left by a disintegrating one.",8,P,context,hard,yes
"Write a contextualization starter for a prompt about 19th-century socialism.","Before Marx published the Communist Manifesto in 1848, decades of industrialization had already created the conditions that made socialist ideas appealing: factory labor stripped workers of autonomy, urbanization concentrated them in miserable conditions, and the stark contrast between bourgeois wealth and proletarian poverty made inequality impossible to ignore.",6,S,context,medium,yes
"Write a contextualization starter for a prompt about the English Civil War.","Before Parliament and the crown clashed in the English Civil War, decades of tension over taxation, religious policy, and royal prerogative had already demonstrated that the Stuart monarchs' claims to absolute authority were fundamentally incompatible with Parliament's claims to represent the English people's liberties.",3,P,context,hard,no
"What caused the Atlantic shift in European trade? Use at least 2 Geo-SPRITE lenses.","Geography (G): The fall of Constantinople (1453) disrupted traditional eastern land routes, while Portugal and Spain's Atlantic-facing coastlines gave them a geographic advantage for oceanic exploration. Technology (T): Portuguese innovations in shipbuilding (caravel), navigation (compass, astrolabe), and cartography made long-distance ocean voyages possible. Economic (E): The resulting Atlantic trade (silver, sugar, slaves) created a new commercial system that made Atlantic-facing states dominant.",1,G,causation,medium,yes
"What caused the spread of the Protestant Reformation? Use at least 2 Geo-SPRITE lenses.","Religious (R): Luther's theological challenge to papal authority (indulgences, sola fide) tapped into widespread grievances about Church corruption. Technology (T): The printing press turned Luther's local protest into a viral movement, spreading pamphlets across Germany in weeks. Political (P): German princes supported Luther because breaking from Rome meant seizing Church lands and asserting independence from the Emperor.",2,R,causation,medium,yes
"What caused the French Revolution? Use at least 2 Geo-SPRITE lenses.","Economic (E): France's fiscal crisis from war debts forced Louis XVI to call the Estates-General -- money was the immediate trigger. Intellectual (I): Enlightenment ideas (Locke, Rousseau, Voltaire) had already delegitimized absolute monarchy and hereditary privilege in the minds of the educated Third Estate. Social (S): Resentment between the privileged First and Second Estates and the tax-burdened Third Estate provided the social fuel. The fiscal crisis lit the match; ideology shaped the explosion.",5,E,causation,medium,yes
"What caused the Industrial Revolution to begin in Britain? Use at least 2 Geo-SPRITE lenses.","Geographic (G): Britain had abundant coal and iron deposits, navigable rivers and canals, and island geography that protected it from continental wars. Economic (E): Capital accumulated from colonial trade and a strong banking system funded industrial investment. Technology (T): Specific innovations (steam engine, spinning jenny, water frame) mechanized production. Social (S): Enclosure created a mobile labor force displaced from the land.",6,G,causation,medium,yes
"What caused the rise of Nazi Germany? Use at least 2 Geo-SPRITE lenses.","Political (P): The Versailles Treaty humiliated Germany; the Weimar Republic's weak institutions couldn't withstand crisis; conservative elites empowered Hitler thinking they could control him. Economic (E): The Great Depression destroyed the German economy (30% unemployment), radicalizing millions who lost faith in liberal democracy. Intellectual (I): Nazi ideology combined ultranationalism, racial pseudoscience, and anti-Marxism into a comprehensive worldview. No single lens is sufficient -- the chain required all three.",8,P,causation,hard,yes
"What caused European imperialism in the late 19th century? Use at least 2 Geo-SPRITE lenses.","Economic (E): Industrialization created demand for raw materials and new markets that domestic economies couldn't satisfy. Technology (T): Machine guns, steamships, quinine, and the telegraph gave Europeans decisive military and logistical advantages. Intellectual (I): Social Darwinism and the ""civilizing mission"" provided ideological justification. Political (P): Imperial competition between European states made colonies a matter of national prestige.",7,E,causation,medium,yes
"What caused the collapse of the Soviet Union? Use at least 2 Geo-SPRITE lenses.","Economic (E): Central planning failed to match Western productivity and consumer standards; military spending drained resources. Political (P): Gorbachev's reforms (glasnost, perestroika) unleashed political forces he couldn't control; nationalist movements in Soviet republics demanded independence. Intellectual (I): Decades of dissident thought (Sakharov, Havel's Charter 77, Solidarity) had already delegitimized the communist system from within.",9,P,causation,hard,yes
"What caused World War I? Use at least 2 Geo-SPRITE lenses.","Political (P): Alliance systems (Triple Alliance vs. Triple Entente) turned a regional crisis into a continental war; imperial rivalries and Balkan nationalism created the trigger. Technology (T): Military technology (railways for mobilization, machine guns, artillery) made states confident they could win quickly and made mobilization nearly irreversible once started. Economic (E): Industrial competition between Britain and Germany fueled strategic rivalry.",8,P,causation,medium,yes
"What caused the transition from mercantilism to free-market economics? Use at least 2 Geo-SPRITE lenses.","Intellectual (I): Adam Smith's Wealth of Nations (1776) provided the theoretical demolition of mercantilism, arguing that free markets create more wealth than state control. Economic (E): Britain's industrial dominance made free trade advantageous -- the strongest competitor benefits most from open markets. Political (P): The rising industrial bourgeoisie demanded the end of trade restrictions that benefited landed aristocrats.",6,I,causation,hard,yes
"What caused the shift from religious to secular authority in Europe? Use at least 2 Geo-SPRITE lenses.","Religious (R): The Reformation shattered Christian unity, weakening the Church's claim to universal authority. Political (P): State-builders from Henry VIII to Louis XIV seized Church power and wealth to strengthen their own authority. Intellectual (I): The Enlightenment provided philosophical arguments for separating church and state, redefining legitimate authority as based on reason rather than revelation.",4,R,causation,hard,yes
"What caused the development of the European welfare state? Use at least 2 Geo-SPRITE lenses.","Social (S): Industrialization created a working class that suffered poverty, dangerous conditions, and insecurity, generating mass demand for protection. Political (P): Politicians from Bismarck (conservative co-optation) to Beveridge (wartime solidarity) created welfare programs to prevent revolution or build postwar consensus. Economic (E): Industrial productivity generated the surplus wealth needed to fund social programs.",6,S,causation,hard,yes
"What caused European integration after WWII? Use at least 2 Geo-SPRITE lenses.","Political (P): Two catastrophic world wars convinced leaders that nationalist competition had to be replaced by institutional cooperation. Economic (E): The Marshall Plan required European cooperation, and the ECSC deliberately made France and Germany economically interdependent. Geographic (G): Europe's physical devastation and the Iron Curtain's geographic division made integration both urgent and initially limited to the West.",9,E,causation,medium,yes
"What caused the shift from liberal nationalism (1848) to aggressive nationalism (1870s-1914)? Use at least 2 Geo-SPRITE lenses.","Political (P): The failure of 1848 liberal revolutions showed that idealism alone couldn't build nations; Bismarck's success proved that military power worked. Intellectual (I): Social Darwinism and racial theories reconceived nations as biological organisms competing for survival, replacing liberal universalism with exclusionary chauvinism. Economic (E): Industrial competition between states made nationalism an instrument of economic rivalry.",7,I,causation,hard,yes
"What caused the Thirty Years' War? Use at least 2 Geo-SPRITE lenses.","Religious (R): Unresolved tensions between Catholics, Lutherans, and Calvinists in the Holy Roman Empire (the Peace of Augsburg excluded Calvinism). Political (P): German princes used religion to resist Habsburg centralization; foreign powers (France, Sweden, Denmark) intervened for strategic advantage. The war started religious but became political -- Catholic France allied with Protestant Sweden against the Catholic Habsburgs.",2,R,causation,hard,yes
"What caused the radical phase of the French Revolution (1792-1794)? Use at least 2 Geo-SPRITE lenses.","Political (P): Foreign war (Austria, Prussia declared war) created an existential crisis that empowered radical Jacobins who promised total defense. Social (S): The Parisian sans-culottes -- urban workers and shopkeepers radicalized by bread shortages -- provided the street muscle for increasingly extreme measures. Intellectual (I): Rousseau's concept of the ""general will"" gave Robespierre philosophical justification for the Terror as the enforcement of collective virtue.",5,P,causation,hard,yes
"What caused Peter the Great to westernize Russia? Use at least 2 Geo-SPRITE lenses.","Political (P): Russia's humiliating defeat at Narva (1700) by Sweden exposed the military backwardness that threatened the state's survival. Technology (T): Peter recognized that Western military technology, shipbuilding, and administrative systems were essential for competing with European powers. Economic (E): Modernization required new industries, ports (St. Petersburg), and trade connections with Western Europe.",3,T,causation,medium,yes
"What caused the decline of the Ottoman Empire by the 19th century? Use at least 2 Geo-SPRITE lenses.","Technology (T): The Ottomans fell behind in military technology as European states industrialized warfare. Economic (E): The shift to Atlantic trade marginalized the Ottoman Empire's position as a middleman between East and West. Political (P): Nationalist movements among subject peoples (Greeks, Serbs, Bulgarians), inspired by Enlightenment ideas, fragmented the empire from within.",7,P,causation,hard,no
"What caused decolonization after 1945? Use at least 2 Geo-SPRITE lenses.","Political (P): WWII fatally weakened European colonial powers and created Cold War pressure from both superpowers (who opposed European empires for different reasons). Intellectual (I): Colonial subjects adopted European ideas of self-determination and national sovereignty and turned them against the colonizers. Economic (E): Maintaining empires became more expensive than the economic benefits they produced, especially for war-devastated European states.",9,I,causation,medium,yes
"What caused the Great Depression's political effects in Europe? Use at least 2 Geo-SPRITE lenses.","Economic (E): Mass unemployment, bank failures, and trade collapse destroyed the material basis of liberal democratic legitimacy. Political (P): Desperate populations turned to radical alternatives -- communism and fascism -- that promised decisive action. Intellectual (I): Fascist and communist ideologies offered comprehensive explanations for the crisis and total programs for recovery, while liberal democrats seemed paralyzed.",8,E,causation,medium,yes
"What caused the English Civil War? Use at least 2 Geo-SPRITE lenses.","Political (P): Stuart kings' claims to absolute authority (divine right, Ship Money tax) clashed directly with Parliament's claims to control taxation and legislation. Religious (R): Charles I's High Church policies alarmed Puritans and Presbyterians who feared a return to Catholicism. Economic (E): The crown's financial dependence on Parliament gave Parliament leverage that the king repeatedly tried to circumvent.",3,P,causation,hard,no
"Which Geo-SPRITE lens would you use as a secondary complexity lens for the Renaissance?","Geography (G). Most students focus on Intellectual and Economic lenses for the Renaissance, but the geographic fragmentation of the Italian peninsula enabled city-state competition that drove patronage and innovation. The Mediterranean-to-Atlantic shift also determined which states benefited long-term. G is the sleeper lens that earns complexity points.",1,G,application,medium,no
"A prompt asks about the effects of the printing press. How do you avoid the common mistake of treating it as a cause?","The printing press didn't CAUSE the Reformation or Scientific Revolution -- it was a necessary precondition. Use T (Technology) as an enabling lens, not a causal one. Good phrasing: ""The printing press created the infrastructure for..."" Bad phrasing: ""The printing press caused..."" This distinction between enabling conditions and direct causes is exactly what earns AP points.",1,T,application,hard,yes
"How would you use the price revolution as evidence in an essay about European exploration?","The price revolution (inflation caused by influx of American silver) is Economic (E) evidence that exploration's effects went far beyond discovery. Use it to show E -> S causation: rising prices benefited merchants and landlords who sold goods, but devastated wage laborers and those on fixed incomes, restructuring European social hierarchy.",1,E,application,hard,no
"A prompt asks about religious change in the 16th century. How do you earn the complexity point?","Use the Catholic Church's dual role: it was both the target of reform AND a reformer itself (Council of Trent). For complexity, note that Catholic France allied with Protestant Sweden in the Thirty Years' War -- proving that by the 1630s, state interest had already trumped religious loyalty. This R -> P evolution is the sophistication the AP rewards.",2,R,application,hard,yes
"How would you use the Edict of Nantes and its revocation as paired evidence?","The Edict (1598) shows pragmatic toleration after devastating religious wars (R -> P). Its revocation by Louis XIV (1685) shows that toleration could be reversed when absolutist power made it politically convenient. Use this pair to argue that early modern toleration was fragile and politically contingent, not a permanent achievement. This covers the R and P lenses across Units 2-3.",3,R,application,hard,yes
"How would you use Versailles (the palace) as evidence in an essay about absolutism?","Versailles isn't just architecture -- it's a Political (P) instrument. Louis XIV forced nobles to attend court, making them dependent on royal favor instead of building regional power bases. Use Social (S) as secondary: Versailles transformed the French nobility from a political class into a courtier class. The palace domesticated the nobles like pets in a very expensive cage.",3,S,application,medium,yes
"A DBQ about the Enlightenment includes a document by Catherine the Great. How would you analyze it?","Catherine's correspondence with Voltaire is classic ""enlightened despotism"" -- Intellectual (I) language serving Political (P) ends. Analyze the source's purpose: Catherine used Enlightenment rhetoric to legitimize her rule internationally while changing little domestically. After the Pugachev Rebellion, she abandoned even superficial reform. The gap between rhetoric and reality IS the analysis.",4,I,application,hard,yes
"How would you use the Declaration of the Rights of Man as evidence in a comparison essay about revolutions?","The Declaration (1789) is your anchor document for the Political (P) and Intellectual (I) lenses. Compare what it promises (universal rights, popular sovereignty) with what it delivered: women were excluded, colonial slavery continued until 1794, and the Revolution soon devoured its own creators. Use Social (S) to show who the ""universal"" rights actually applied to.",5,I,application,medium,yes
"How would you use child labor in mines as evidence in an essay about industrialization?","Child labor is powerful Social (S) evidence that industrialization's costs were borne disproportionately by the most vulnerable. Pair with Political (P): government eventually responded with Factory Acts, showing the shift from laissez-faire to state intervention. The image of 6-year-olds in coal mines is what turned public opinion against pure free-market ideology.",6,S,application,medium,yes
"How would you use the railway as evidence beyond transportation?","Railways are Technology (T) evidence that transforms every other lens. Economic (E): created national markets, concentrated capital. Political (P): enabled rapid military mobilization. Social (S): enabled mass migration from countryside to cities. Geographic (G): shrank effective distances, restructured economic geography. When an essay prompt touches any of these areas, railways work as evidence.",6,T,application,medium,yes
"A prompt asks about the failure of the 1848 revolutions. How do you argue they weren't a total failure?","Use Political (P) and Social (S) lenses to show lasting effects despite immediate political failure: serfdom ended in the Habsburg Empire, constitutional concessions were extracted, and the revolutions proved that liberal-nationalist demands couldn't simply be ignored. Even Bismarck co-opted nationalism precisely because 1848 showed its power. Failed revolutions can still transform politics.",7,P,application,hard,yes
"How would you use Social Darwinism as evidence in an essay about imperialism?","Social Darwinism is Intellectual (I) evidence that shows how pseudoscience was weaponized for Political (P) and Economic (E) purposes. Use it to argue that imperialism required ideological justification, not just material motivation. But note: Social Darwinism didn't cause imperialism -- it rationalized decisions driven by economic competition and nationalist prestige.",7,I,application,hard,yes
"How would you use the Wannsee Conference as evidence in an essay about the Holocaust?","The Wannsee Conference (1942) demonstrates the bureaucratic, systematic nature of the Holocaust. Use Political (P) and Technology (T) lenses: genocide was organized through modern administrative procedures -- memos, logistics, railway schedules. This distinguishes the Holocaust from earlier pogroms: it wasn't mob violence but state-organized industrial murder.",8,P,application,hard,yes
"How would you use Gorbachev's reforms as evidence in an essay about the Cold War's end?","Gorbachev's glasnost and perestroika are Political (P) and Economic (E) evidence that the Soviet system's collapse was partly self-inflicted. Use the Intellectual (I) lens for complexity: glasnost unleashed public criticism that delegitimized the regime, while perestroika failed to fix the economy. Gorbachev tried to save communism by reforming it, and accidentally destroyed it instead.",9,P,application,medium,yes
"How would you use Brexit as evidence in an essay about European integration?","Brexit (2016) is Political (P) evidence that European integration is reversible and contested. Use it for complexity: national identity (especially concerns about sovereignty and immigration) proved more politically powerful than economic arguments for remaining. Brexit shows mega-pattern #39 (national identity vs. EU identity) is unresolved.",9,P,application,hard,no
"How would you use the Luddite movement as evidence in an essay about resistance to industrialization?","Luddites aren't evidence of backward-looking irrationality -- they're Social (S) and Economic (E) evidence of rational resistance to the destruction of artisanal livelihoods. Use them to argue that workers understood exactly what mechanization meant for their autonomy and income. The standard narrative that they were ""anti-progress"" is itself a political argument that favored factory owners.",6,S,application,hard,no
"How would you use the Congress of Vienna as evidence in a CCOT essay about the European state system?","Vienna represents a crucial turning point in Political (P) and Geographic (G) terms: it formalized balance-of-power diplomacy as the organizing principle of European international relations, redrew borders to prevent any single state from dominating, and created the Concert of Europe for collective crisis management. Use it to show the transition from Napoleonic unilateral power to multilateral diplomacy.",5,P,application,medium,yes
"How would you use the Dreyfus Affair as evidence in an essay about nationalism?","The Dreyfus Affair is Social (S) and Political (P) evidence that nationalism's exclusionary, antisemitic dimension was powerful even in republican France. Use Intellectual (I) as complexity: the affair split France between Enlightenment universalism (Dreyfusards) and ethnic nationalism (anti-Dreyfusards), foreshadowing the 20th century's ideological battles.",7,S,application,hard,yes
"How would you use the Great Stink of London (1858) as evidence about urbanization?","The Great Stink -- when the Thames smelled so bad Parliament couldn't meet -- is surprisingly great Social (S) and Political (P) evidence. It shows that urbanization created public health crises so severe that even elites couldn't ignore them, directly causing government investment in sewers and public infrastructure. When the problem literally stinks up Parliament, policy follows.",6,S,application,medium,no
"How would you use the Napoleonic Wars as evidence about nationalism?","The Napoleonic Wars are Political (P) evidence that show nationalism's paradox: Napoleon spread revolutionary ideals (legal equality, rational administration) through conquest, but French occupation simultaneously provoked nationalist resistance in Spain, Germany, and Russia. The man who exported Enlightenment universalism accidentally invented modern nationalism as a reaction to his own imperialism.",5,P,application,hard,yes
"Compare the English Reformation and the German Reformation using the Political (P) and Religious (R) lenses.","English Reformation: driven by royal politics (Henry VIII's need for an annulment); the king remained theologically Catholic but politically broke from Rome; top-down state action. German Reformation: driven by theological debate (Luther's challenge to indulgences); princely support came from political opportunism; bottom-up theology adopted from above. England reformed the Church for the state; Germany reformed theology and the state followed.",2,R,comparison,hard,yes
"Compare the Edict of Nantes (1598) and the English Toleration Act (1689) using the Religious (R) lens.","Edict of Nantes: granted Huguenots significant religious rights and military strongholds in Catholic France; was revocable (and Louis XIV revoked it in 1685). Toleration Act: granted limited religious freedom to Protestant dissenters in England but excluded Catholics and atheists. Both were pragmatic, partial, and excluded some groups -- ""toleration"" was always conditional.",3,R,comparison,hard,no
"Compare Bacon's empiricism and Descartes's rationalism using the Intellectual (I) lens.","Bacon: knowledge comes from systematic observation and experimentation (inductive reasoning); ""knowledge is power."" Descartes: knowledge comes from deductive reasoning from self-evident principles (""I think, therefore I am""). Both rejected medieval reliance on authority, but Bacon trusted the senses while Descartes trusted the mind. Together they created the two pillars of modern scientific method.",4,I,comparison,medium,yes
"Compare enlightened despots (Frederick the Great, Catherine the Great) and genuine constitutional reform (Britain) using the Political (P) lens.","Enlightened despots used Enlightenment language but maintained autocratic power -- reforms served the state, not the people. British constitutionalism (imperfect as it was) distributed power through Parliament and protected rights through law. Enlightened despotism was Enlightenment as PR; British constitutionalism was Enlightenment (partially) in practice.",4,P,comparison,hard,yes
"Compare the French Revolution's Declaration of the Rights of Man (1789) and the Haitian Revolution using the Social (S) lens.","The Declaration proclaimed universal rights but French practice excluded women, enslaved people, and colonial subjects. The Haitian Revolution (1791-1804) applied those principles consistently -- enslaved people used French revolutionary language to justify their own liberation. Haiti exposed the hypocrisy: ""universal"" meant ""French and white"" until the enslaved said otherwise.",5,S,comparison,hard,yes
"Compare reactions to Napoleon in Spain and Germany using the Political (P) and Intellectual (I) lenses.","Spain: popular guerrilla resistance rooted in Catholic identity and local tradition; rejected French secularism. Germany: intellectual nationalist awakening (Fichte's Addresses to the German Nation) that reimagined Germans as a cultural nation needing political unity. Both resisted French occupation, but Spain's resistance was conservative and religious while Germany's produced liberal nationalism.",5,I,comparison,hard,no
"Compare the first Industrial Revolution (c. 1760-1870) and the Second Industrial Revolution (c. 1870-1914) using the Technology (T) lens.","First: steam power, textiles, iron, coal, railways. Transformed production and transport. Second: steel, chemicals, electricity, internal combustion engine. Created modern consumer society and corporate capitalism. The first made things; the second made everything faster, bigger, and deadlier. The second also gave us the technologies that made WWI catastrophic.",6,T,comparison,medium,yes
"Compare Western European industrialization (proletarianized labor) and Russian industrialization (serfdom until 1861) using the Social (S) lens.","Western Europe: serfdom declined centuries earlier; workers were legally free but economically exploited; gradual enfranchisement. Russia: serfdom persisted until 1861; rapid state-directed industrialization under Witte used semi-coerced labor; no democratic outlet for grievances. Russia tried to industrialize in decades what Britain did over a century, with much harsher human costs.",6,S,comparison,hard,yes
"Compare Mazzini's liberal nationalism and Bismarck's conservative nationalism using the Intellectual (I) lens.","Mazzini: nationalism = popular sovereignty + democracy + self-determination; the people create the nation through shared values. Bismarck: nationalism = state power + military force + Realpolitik; the state creates the nation through ""blood and iron."" Mazzini dreamed of a free Italy built from below; Bismarck built a powerful Germany from above. Same word, opposite methods.",7,I,comparison,medium,yes
"Compare British imperialism and French imperialism using the Intellectual (I) and Economic (E) lenses.","Britain: justified empire primarily through commercial interest and naval power; ""trade follows the flag."" France: justified empire through the ""civilizing mission"" -- spreading French culture, language, and republican values. Both were exploitative, but they told different stories about why. Britain was honest about profit; France pretended it was doing the world a favor.",7,E,comparison,medium,no
"Compare the Treaty of Versailles (1919) and the Congress of Vienna (1815) using the Political (P) lens.","Vienna: restored defeated France to the European system; balanced power among great powers; produced relative stability for decades. Versailles: humiliated defeated Germany; imposed harsh terms without full integration; produced resentment that fueled revanchism. Vienna chose magnanimity and got peace; Versailles chose punishment and got Hitler. Different diplomatic philosophies, dramatically different outcomes.",8,P,comparison,hard,yes
"Compare Soviet communism and Western liberal democracy during the Cold War using the Economic (E) and Political (P) lenses.","Soviet: state ownership, planned economy, single-party dictatorship; guaranteed employment but restricted freedom. Western: market economy (with welfare state variations), multiparty democracy, individual rights; produced prosperity but with inequality. Both systems promised modernity and security; the West delivered more of both, which is ultimately why the Cold War ended as it did.",9,E,comparison,medium,yes
"Compare the Eurozone crisis and Brexit as challenges to European integration using the Political (P) and Economic (E) lenses.","Eurozone crisis (2009-2015): exposed that monetary union without fiscal union creates structural problems; northern creditors vs. southern debtors; economic challenge to integration. Brexit (2016): exposed that national identity and sovereignty concerns could override economic arguments for integration; political/cultural challenge. Together they show integration is fragile on both economic and political fronts.",9,P,comparison,hard,no
"Compare Romanticism and Realism as responses to their historical contexts using the Intellectual (I) lens.","Romanticism (c. 1800-1850): reacted against Enlightenment rationalism and early industrialization with emotion, nature, folk culture, and national identity (Beethoven, Delacroix). Realism (c. 1850-1900): reacted against Romanticism's idealization by depicting industrial society's harsh realities (Dickens, Zola). Romanticism said ""feel""; Realism said ""look."" Both were reactions to what the previous era got wrong.",7,I,comparison,medium,yes
"Compare the impact of WWI on the Russian and German empires using the Political (P) lens.","Russia: military defeat and economic collapse triggered revolution (February 1917), then Bolshevik seizure of power (October 1917); produced communist dictatorship. Germany: military defeat triggered revolution (November 1918), abdication of the Kaiser, and the Weimar Republic; produced fragile democracy that eventually fell to Nazism. Same war, same imperial collapse, divergent political outcomes.",8,P,comparison,hard,yes
"Compare the Prague Spring (1968) and Gorbachev's reforms (1985-1991) using the Political (P) lens.","Prague Spring: Czechoslovak attempt at ""socialism with a human face"" crushed by Soviet tanks; demonstrated Moscow's willingness to use force. Gorbachev: Soviet leader's own reform attempt that spiraled beyond his control; demonstrated that the system couldn't be reformed without collapsing. Dubček proved reform from below was impossible; Gorbachev proved reform from above was equally impossible.",9,P,comparison,hard,yes
"Write a contextualization starter for a prompt about the Glorious Revolution.","Before William and Mary accepted the English Bill of Rights in 1689, decades of conflict between Stuart monarchs and Parliament -- from Charles I's attempt to rule without Parliament to the English Civil War to the Restoration's uneasy compromise -- had demonstrated that England's political future would be determined by the unresolved question of whether sovereignty belonged to the crown or to Parliament.",3,P,context,hard,yes
"Write a contextualization starter for a prompt about Enlightened Despotism.","Before Frederick the Great and Catherine the Great adopted Enlightenment rhetoric to legitimize their rule, the philosophes had already spent decades arguing that reason, not tradition, should guide governance -- creating an intellectual framework that ambitious rulers could appropriate without actually surrendering power.",4,I,context,medium,no
"Write a contextualization starter for a prompt about trade unionism and labor movements.","Before trade unions emerged as organized political forces in the late 19th century, decades of industrialization had already concentrated workers in factories and cities where they shared common grievances -- low wages, dangerous conditions, and the loss of artisanal independence -- creating the conditions for collective action.",6,S,context,medium,yes
"Write a contextualization starter for a prompt about the Revolutions of 1830.","Before liberal and nationalist movements erupted in France, Belgium, and Poland in 1830, fifteen years of conservative repression under the Concert of Europe had suppressed but not eliminated the Enlightenment ideals of popular sovereignty and constitutionalism that the French Revolution had unleashed across Europe.",7,P,context,medium,no
"Write a contextualization starter for a prompt about the Treaty of Versailles.","Before the peacemakers gathered at Versailles in 1919, four years of unprecedented industrial warfare had killed millions, destroyed empires, and radicalized populations -- creating a political environment in which the victors faced impossible pressure to punish Germany while simultaneously rebuilding a stable European order.",8,P,context,medium,yes
"Write a contextualization starter for a prompt about the rise of the welfare state.","Before postwar governments built comprehensive welfare states, the experience of total war -- in which states had mobilized entire populations for collective sacrifice -- had created both the administrative capacity and the popular expectation that government should provide security from cradle to grave.",9,S,context,medium,yes
"Write a contextualization starter for a prompt about Adam Smith and free-market economics.","Before Adam Smith published The Wealth of Nations in 1776, mercantilist policies had dominated European economic thinking for two centuries, with states tightly controlling trade to accumulate gold and silver -- creating the very restrictions and inefficiencies that Smith would systematically dismantle through his argument for free markets guided by the invisible hand.",4,E,context,medium,yes
"Write a contextualization starter for a prompt about the Second Industrial Revolution.","Before steel, electricity, and chemicals transformed European economies after 1870, the first Industrial Revolution had already demonstrated that mechanized production could generate unprecedented wealth -- but also unprecedented inequality, urban misery, and working-class radicalism that the second wave would intensify.",6,T,context,medium,no
"How did the Mediterranean-to-Atlantic trade shift reshape European geography of power?","Geography (G) is the primary lens. Mediterranean city-states (Venice, Genoa) declined as Atlantic-facing states (Portugal, Spain, Netherlands, England) gained access to oceanic trade. This wasn't just about money -- it physically relocated Europe's center of gravity westward. The map of power changed because the map of trade changed.",1,G,application,medium,yes
"Compare the role of Religion (R) in the Thirty Years' War's beginning vs. its end.","Beginning (1618): genuinely religious -- Catholic vs. Protestant conflict in the HRE over the rights established at Augsburg. End (1640s): primarily political -- Catholic France allied with Protestant Sweden against the Catholic Habsburgs. The war started as a religious conflict and ended as proof that state interest had replaced religion as the organizing principle of European diplomacy.",2,R,comparison,hard,yes
"How would you use the Suez Canal (1869) as evidence in an essay about global capitalism?","The Suez Canal is Geography (G) and Technology (T) evidence that physical infrastructure drove economic integration. It halved transit time between Europe and Asia, making colonial trade far more profitable. Use it for mega-pattern #15 (local to global capitalism): each new transport link -- from caravels to railways to canals -- compressed the world and deepened European economic dominance.",7,G,application,medium,no
"Compare the role of Technology (T) in WWI trench warfare and WWII blitzkrieg.","WWI: defensive technology (machine guns, barbed wire, artillery) outpaced offensive capability, creating stalemate. The result: static trench warfare and catastrophic casualties for minimal gains. WWII: offensive technology (tanks, aircraft, radio coordination) restored mobile warfare through blitzkrieg. Technology determined the CHARACTER of each war -- one frozen, the other devastatingly fast.",8,T,comparison,medium,yes
"What was the role of geography in the Cold War's division of Europe?","Geography (G) is the underused lens for the Cold War. The Iron Curtain followed the line where Soviet and Western armies met in 1945 -- a military accident became a political border. Berlin's geographic position deep inside East Germany made it the Cold War's most dangerous flashpoint. The physical division of Europe was not inevitable; it was a frozen accident of where armies stopped.",9,G,application,medium,yes
"Compare the social impact of the Black Death (1347-1351) and WWI (1914-1918) using the Social (S) lens.","Black Death: killed ~30-60% of Europe's population; survivors gained bargaining power; serfdom declined in Western Europe; accelerated the transition from feudal to capitalist labor relations. WWI: killed ~10 million soldiers; produced the ""Lost Generation""; women entered the workforce; shattered faith in progress and liberal institutions. Both were demographic catastrophes that restructured social hierarchies -- one freed peasants, the other radicalized nations.",8,S,comparison,hard,no
"How would you use Fritz Haber's career as evidence in an essay about science and society?","Fritz Haber is the ultimate Technology (T) and Intellectual (I) complexity piece. He invented the Haber-Bosch process (nitrogen fixation for fertilizer -- arguably saved billions from starvation) AND developed poison gas for WWI. One man embodies mega-pattern #25 (scientific progress to technological destruction). Use him to argue that the connection between science and destruction is structural, not accidental -- states fund science because it produces military advantage.",8,T,application,hard,no
"Compare the Eurozone and the pre-WWI gold standard as systems of economic integration using the Economic (E) lens.","Gold standard: linked currencies automatically through gold convertibility; worked when economies were stable; collapsed under WWI's financial stress. Eurozone: shared currency without shared fiscal policy; works when economies converge; cracks under asymmetric shocks (2008 crisis). Both attempted monetary integration without political union, and both revealed that economic linkages without political solidarity create fragility during crises.",9,E,comparison,hard,no
