title,date,apUnit,region,G_score,S_score,P_score,R_score,I_score,T_score,E_score,strongestLens,secondLens,bestContextUse,bestEssayEvidence,bestComplexityMove,dangerWarning
Unam Sanctam,1302,1,France; Italy,1,1,3,3,1,0,1,P,R,"Before the Reformation, the medieval papacy had already overplayed its hand—Boniface VIII's Unam Sanctam claimed total authority over kings, then France literally kidnapped him.",Investiture Controversy; Avignon Papacy; Philip IV's consolidation of French monarchy,"Although Unam Sanctam claimed absolute papal supremacy, its immediate failure actually accelerated the secularization of European politics",Students often wrongly assume the pope was always powerful in the Middle Ages—Unam Sanctam shows the papacy was already losing to nation-states by 1302
Babylonian Captivity of the Papacy,1305-1378,1,France; Italy,3,1,3,2,1,0,2,G,P,"Before Luther nailed anything to any door, the papacy had already spent 73 years as a French satellite in Avignon, shredding its credibility.",Unam Sanctam; Great Schism; Marsilius of Padua's Defensor Pacis,"Although the Avignon popes were criticized as French puppets, they actually built an efficient bureaucratic administration that modernized papal governance",Students often confuse the Babylonian Captivity of the papacy (1305-1378) with Luther's tract 'On the Babylonian Captivity of the Church' (1520)
Black Death,1347-1351,1,Europe-wide,3,3,2,2,1,1,3,S,E,"Before the Renaissance transformed European culture, the Black Death had already shattered the medieval order—killing a third of the population and empowering survivors.",English Peasants' Revolt 1381; Statute of Laborers; Second serfdom in Eastern Europe,"Although the Black Death was catastrophic, the resulting labor shortage actually improved conditions for surviving peasants in Western Europe while paradoxically strengthening serfdom in the East",Students often treat the Black Death as only a death toll—miss that its biggest AP impact is the economic/social restructuring that followed
Hundred Years' War,1337-1453,1,France; England,2,2,3,1,0,2,2,P,T,"Before new monarchies consolidated power, the Hundred Years' War had already begun replacing feudal levies with standing armies and building the tax infrastructure of centralized states.",Battle of Agincourt; Joan of Arc; Wars of the Roses,"Although the Hundred Years' War devastated France, it paradoxically created the conditions for French centralization by discrediting feudal military organization",Students often focus only on battles and Joan of Arc—miss the AP-relevant point that the war drove state centralization and military modernization
Great Schism,1378-1417,1,Italy; France; Europe-wide,2,1,3,3,2,0,1,P,R,"Before Luther challenged the church, it had already split itself—the Great Schism produced three competing popes and proved the papacy was a political institution.",Council of Constance; Conciliarism; Jan Hus,"Although the Council of Constance resolved the Schism, the conciliarist ideas it generated continued to challenge papal authority and foreshadowed Protestant arguments","Students often confuse the Great Schism (1378, Western, rival popes) with the East-West Schism (1054, Catholic vs. Orthodox)"
Wars of the Roses,1455-1485,1,England,1,2,3,0,0,1,1,P,S,"Before Henry VIII could declare himself head of the English Church, his father Henry VII had first rebuilt royal authority from the ashes of the Wars of the Roses.",Henry VII's Star Chamber; Tudor dynasty; Hundred Years' War aftermath,"Although the Wars of the Roses were destructive, they inadvertently created the conditions for strong Tudor governance by eliminating rival noble factions",Students often skip straight to Henry VIII without understanding that Tudor power was built on the Wars of the Roses destroying the old nobility
Council of Constance,1414-1418,1,Holy Roman Empire,1,1,3,3,2,0,0,P,R,"Before Luther, the Council of Constance had already tried to reform the church—and burned Jan Hus for suggesting many of the same things Luther later said.",Jan Hus; Hussite Wars; Haec Sancta decree,"Although the Council of Constance successfully ended the Schism, its suppression of Hus and failure to enact lasting reforms ensured that the underlying problems would resurface in the Reformation",Students often forget that Constance burned Hus DESPITE granting him safe conduct—this betrayal radicalized Bohemia and set a precedent reformers remembered
Fall of Constantinople,1453,1,Ottoman Empire; Eastern Mediterranean,3,1,3,2,2,2,3,G,E,"Before Columbus sailed west, the fall of Constantinople had already disrupted Europe's access to eastern trade, creating the economic incentive for new routes.",Portuguese exploration of African coast; Vasco da Gama; Italian Renaissance,"Although the fall of Constantinople disrupted Eastern trade, recent scholarship suggests trade routes had already been shifting—the fall accelerated rather than caused the move toward Atlantic exploration",Students often overstate the 'Greek scholars fleeing to Italy' narrative—the Renaissance was already underway; Constantinople's fall boosted it but didn't cause it
Italian Renaissance,1350-1600,1,Italian Peninsula,3,2,2,1,3,1,3,I,E,"Before the Reformation challenged the church, the Italian Renaissance had already shifted European culture toward secular humanism, individual achievement, and classical learning.",Medici banking family; Leonardo da Vinci; Brunelleschi's dome,"Although the Renaissance celebrated secular humanism, the Church remained the single largest patron of art, and most 'Renaissance' works were religious in subject matter","Students often describe the Renaissance as anti-religious—it wasn't. It was a shift in emphasis toward secular AND religious themes, funded largely by the church itself"
Humanism,1350-1550,1,Italian Peninsula; Europe-wide,1,2,2,1,3,1,1,I,S,"Before the Reformation's theological debates, humanism had already trained a generation of scholars to go back to original sources—a skill Luther would use on the Bible itself.",Petrarch as 'Father of Humanism'; Pico's Oration on the Dignity of Man; Erasmus's Greek New Testament,"Although humanism is often portrayed as secular, Christian humanists like Erasmus used the same classical methods to pursue religious reform, blurring the secular/religious divide","Students often equate humanism with atheism—Renaissance humanists were almost all Christian; 'humanism' meant studying human-centered classical texts, not rejecting God"
Marriage of Ferdinand & Isabella,1469,1,Spain,2,2,3,3,0,0,2,P,R,"Before Spain became the dominant European power, Ferdinand and Isabella first unified the peninsula through marriage, religious coercion, and the completion of the Reconquista.",Spanish Inquisition; Expulsion of Jews 1492; Reconquista,"Although Ferdinand and Isabella's religious policies unified Spain politically, the expulsion of Jews and Muslims removed economically productive populations and weakened Spain long-term",Students often forget that Ferdinand and Isabella didn't create 'Spain' instantly—Aragon and Castile remained separate kingdoms with separate laws under a shared monarchy
Columbus / Reconquista,1492,1,Spain; Americas; Atlantic,3,2,3,2,1,2,3,G,E,"Before the Columbian Exchange transformed the global economy, Spain's completion of the Reconquista freed resources and ambition for overseas expansion—Columbus sailed the same year Granada fell.",Treaty of Tordesillas 1494; Portuguese exploration; Columbian Exchange,"Although Columbus is celebrated as an explorer, his voyage was driven by a geographic miscalculation—he thought Asia was much closer—and he never realized he'd found a new continent","Students often focus on Columbus 'discovering' America and miss the AP connection: 1492 was when the Reconquista ENDED, freeing Spain to look outward"
Columbian Exchange,1500-1650,1,Americas; Europe-wide; Africa,3,3,2,1,1,1,3,G,E,"Before Europe industrialized, the Columbian Exchange had already transformed its economy—new crops fed population growth, American silver fueled inflation, and enslaved Africans powered plantation agriculture.",Silver from Potosí; Potato's impact on European population; Triangular trade,"Although the Columbian Exchange brought new crops that boosted European populations, it simultaneously caused the greatest demographic catastrophe in human history for indigenous peoples","Students often list items that moved (potatoes, horses) without analyzing WHY it matters—the AP wants you to explain the demographic, economic, and social consequences"
Commercial Revolution,1450-1700,1,Europe-wide; Atlantic,2,2,2,1,1,1,3,E,S,"Before the Industrial Revolution mechanized production, the Commercial Revolution had already created capitalism's infrastructure—banks, stock companies, and a merchant class demanding political influence.",Fugger banking family; Dutch East India Company (VOC); Price revolution,"Although the Commercial Revolution created enormous wealth, it also deepened inequality—merchant elites prospered while many peasants and workers saw little benefit, and the Atlantic slave trade was integral to the new economy","Students often confuse the Commercial Revolution with the Industrial Revolution—Commercial Revolution is about trade, banking, and capitalism's infrastructure, NOT factories"
Gutenberg Printing Press,1456,1,Holy Roman Empire; Europe-wide,1,2,2,2,3,3,2,T,I,"Before Luther posted his 95 Theses, Gutenberg's printing press had already created the infrastructure for ideas to go viral—turning a local protest into a continent-wide movement.",Gutenberg Bible; Luther's pamphlet campaign; Index of Forbidden Books,"Although the printing press is often credited with spreading the Reformation, it also strengthened the Counter-Reformation by enabling the Catholic Church to distribute standardized catechisms and propaganda","Students often say 'Gutenberg invented printing'—he didn't. China had printing for centuries. He invented MOVABLE TYPE in Europe, which made mass production of varied texts economically viable"
Age of Exploration,1450-1600,1,Atlantic; Africa; Americas; Indian Ocean,3,2,3,1,1,3,3,G,E,"Before European empires dominated the globe, the Age of Exploration first had to develop the ships, navigation tools, and state funding to make oceanic voyages possible.",Vasco da Gama reaches India 1498; Magellan's circumnavigation; Treaty of Tordesillas,"Although Europeans framed exploration as spreading civilization and Christianity, the primary drivers were economic competition and state power—religious justifications masked exploitative realities","Students often list explorers and dates instead of analyzing WHY exploration happened (economic motives, technology, state competition) and WHAT its effects were (global economy, Columbian Exchange)"
Machiavelli's The Prince,1513,1,Italian Peninsula,1,1,3,1,3,0,0,P,I,"Before Enlightenment thinkers theorized about government, Machiavelli had already separated politics from Christian ethics—arguing that effective leadership required pragmatism, not virtue.",Cesare Borgia as Machiavelli's model prince; Thomas More's Utopia; Italian Wars,"Although Machiavelli is remembered as cynical, The Prince was actually a job application—a practical manual written by an exiled official hoping to impress the Medici and get his career back",Students often reduce Machiavelli to 'the ends justify the means'—the AP wants you to explain HOW he separated politics from morality and WHY that was revolutionary
Reign of Charles V,1519-1556,1,Holy Roman Empire; Spain; Netherlands; Italian Peninsula,3,1,3,3,0,1,2,P,R,"Before the Peace of Augsburg accepted religious division, Charles V spent decades trying to hold together an empire spanning half of Europe while fighting France, the Ottomans, and his own Protestant subjects.",Diet of Worms 1521; Peace of Augsburg 1555; Sack of Rome 1527,"Although Charles V had the largest European empire since Charlemagne, his geographic overextension actually helped the Reformation survive—he could never focus enough military force on Germany to crush Protestantism","Students often treat Charles V as just a Reformation figure—miss that he was simultaneously fighting France and the Ottomans, which is WHY he couldn't suppress Luther"
Atlantic Slave Trade,1500-1600,1,Africa; Americas; Atlantic,3,3,2,1,1,1,3,E,S,"Before abolition movements emerged in the Enlightenment, the Atlantic slave trade had already created a global system of racialized forced labor that was central to European colonial economies.",Sugar plantations in Caribbean; Middle Passage mortality rates; Asiento system,"Although Europeans justified the slave trade with civilizing rhetoric, African elites also participated as traders—the system was sustained by complex networks of complicity across multiple societies",Students often treat slavery as only a moral issue—the AP also requires understanding it as an ECONOMIC system that was integral to European commercial capitalism
New Monarchies,1450-1600,1,France; England; Spain,2,2,3,2,1,2,3,P,E,"Before absolutism perfected royal power, new monarchies in France, England, and Spain had already begun centralizing authority through standing armies, professional bureaucracies, and national taxation.",Henry VII's Star Chamber; Louis XI's taille; Ferdinand and Isabella's Inquisition,"Although new monarchies centralized authority, they still depended on negotiation with nobles and representative bodies—absolutism was an aspiration, not an immediate reality",Students often confuse new monarchies with absolutism—new monarchies BEGAN centralization but still shared power with nobles and assemblies; absolutism came later
Northern Renaissance,1450-1600,1,Netherlands; England; France; Holy Roman Empire,2,2,1,3,3,2,1,I,R,"Before Luther's theological break, Northern Christian humanists like Erasmus had already used Renaissance scholarship to expose church corruption—laying the intellectual groundwork for reform.",Erasmus's In Praise of Folly; Thomas More's Utopia; Jan van Eyck's oil painting technique,"Although Erasmus and Luther both criticized the church, Erasmus rejected the break with Rome—showing that Christian humanism and Protestantism were distinct intellectual movements",Students often treat the Northern Renaissance as just 'Italian Renaissance but north'—miss that Christian humanism was its defining innovation and the Reformation's intellectual precondition
Luther's 95 Theses,1517,2,Holy Roman Empire,2,2,3,3,3,2,2,R,I,"Before the Reformation split Europe, centuries of papal corruption, the Avignon papacy, the Great Schism, and humanist criticism had already weakened the church's credibility.",Johann Tetzel and indulgence selling; Diet of Worms 1521; Frederick the Wise,"Although Luther's 95 Theses are treated as the Reformation's start, Luther initially wanted reform within the church—the break happened because Rome refused to engage with his arguments",Students often say Luther 'nailed' the theses to the door as a dramatic act of rebellion—it was actually standard academic procedure for proposing a debate. The printing press made it revolutionary.
German Peasants' War,1524-1525,2,Holy Roman Empire,1,3,3,2,1,0,2,S,P,"Before the Reformation settled into state-church alliances, the German Peasants' War showed how explosive religious ideas could be when applied to social grievances—and how brutally elites responded.",Twelve Articles of the Peasants; Thomas Müntzer (radical reformer); Luther's tract against the peasants,"Although Luther preached 'Christian freedom,' he explicitly rejected its application to social equality—revealing that the Reformation was a theological movement that deliberately reinforced political hierarchy","Students often skip the Peasants' War—it's crucial because it shows that Luther CHOSE to ally with princes over peasants, shaping Protestantism as a conservative political force"
Calvin's Institutes of the Christian Religion,1536,2,Switzerland; France; Europe-wide,2,2,2,3,3,1,2,R,I,"Before Calvinism spread across Europe, Luther had already broken with Rome—but Calvin gave Protestantism the systematic theology and international framework it needed to become a permanent alternative to Catholicism.",Geneva consistory; Huguenots in France; Max Weber's Protestant Ethic thesis,"Although Calvin preached predestination (God decides who's saved), Calvinist communities paradoxically worked harder than anyone—as if trying to prove they were among the elect","Students often reduce Calvinism to 'predestination' and stop there—the AP cares more about its international spread, social discipline, and political implications (resistance theory)"
Act of Supremacy,1534,2,England,1,2,3,3,1,0,3,P,E,"Before England became Protestant, Henry VIII broke with Rome for personal and political reasons—needing an annulment the pope couldn't grant because the Habsburg emperor controlled Rome.",Catherine of Aragon divorce crisis; Thomas More's execution; Dissolution of the Monasteries,"Although the Act of Supremacy created the Church of England, Henry VIII actually executed Protestants AND Catholics—he wanted obedience to royal supremacy, not theological reform",Students often say 'Henry VIII became Protestant'—he didn't. He stayed theologically Catholic but politically independent from Rome. The actual Protestant shift came later.
French Wars of Religion,1562-1598,2,France,1,2,3,3,1,0,2,P,R,"Before the Edict of Nantes established religious toleration, France endured 36 years of religious civil war that killed hundreds of thousands and nearly destroyed the monarchy.",Catherine de Medici; Henry of Navarre; Politique faction,"Although the wars were framed as religious, many participants were 'politiques' who cared more about political stability than theology—showing that religion was often a mask for political ambition",Students often treat the French Wars of Religion as just 'Catholics vs. Protestants'—miss the complex three-way political competition and foreign intervention
St. Bartholomew's Day Massacre,1572,2,France,1,3,3,3,1,0,1,P,R,"Before the Edict of Nantes offered toleration, the St. Bartholomew's Day Massacre had demonstrated how devastating religious hatred could be—thousands killed in a single night.",Catherine de Medici's role; Pope Gregory XIII's celebration; Montaigne's horror at the violence,"Although the massacre was driven by religious hatred, it was triggered by political calculation—Catherine de Medici feared Huguenot political influence more than their theology",Students often describe the massacre as spontaneous mob violence—miss that it was likely planned at the highest levels of the French court
Edict of Nantes,1598,2,France,1,2,3,3,1,0,1,P,R,"Before Enlightenment thinkers argued for toleration philosophically, the Edict of Nantes had already established it pragmatically—born from war exhaustion, not philosophical conviction.",Henry IV's conversion; Politique faction; Revocation by Louis XIV 1685,"Although the Edict of Nantes is celebrated as toleration, it was actually a pragmatic compromise that both sides disliked—and Louis XIV revoked it less than a century later","Students often present the Edict of Nantes as permanent progress toward toleration—miss that Louis XIV revoked it in 1685, showing toleration was fragile"
Peace of Augsburg,1555,2,Holy Roman Empire,2,1,3,3,1,0,1,P,R,"Before the Thirty Years' War reopened religious conflict, the Peace of Augsburg had established the principle that rulers choose religion—but excluded Calvinism, creating a time bomb.","Cuius regio, eius religio; Ecclesiastical Reservation; Charles V's abdication","Although the Peace of Augsburg ended immediate conflict, its exclusion of Calvinism and the ambiguous ecclesiastical reservation clause created the unresolved tensions that erupted in the Thirty Years' War","Students often say Augsburg established 'religious freedom'—it did NOT. Rulers chose religion; individual subjects had no choice. Also, Calvinism was excluded."
Thirty Years' War,1618-1648,2,Holy Roman Empire; Europe-wide,3,3,3,2,1,1,3,P,S,"Before the modern state system emerged at Westphalia, the Thirty Years' War had demonstrated that religious conflicts could devastate an entire region—killing a third of Germany's people.",Defenestration of Prague; Gustavus Adolphus of Sweden; Cardinal Richelieu's intervention,"Although the Thirty Years' War began as a religious conflict, Catholic France's alliance with Protestant Sweden against the Catholic Habsburgs proves that by the 1630s, state interest had completely replaced religion as the driving force","Students often describe the entire war as a religious conflict—miss that it evolved into a secular power struggle, which is WHY Catholic France fought alongside Protestants"
Peace of Westphalia,1648,2,Holy Roman Empire; Europe-wide,2,1,3,2,2,0,1,P,R,"Before the modern state system governed international relations, the Peace of Westphalia established that sovereign states—not empires or popes—were the fundamental units of European politics.",Dutch independence recognized; Swiss independence recognized; HRE effectively decentralized,"Although Westphalia is celebrated as the foundation of state sovereignty, the actual treaties were messy compromises—the 'Westphalian system' as we understand it was partly constructed by later historians",Students often memorize 'Westphalia = sovereignty' without explaining what that MEANS—state independence from both the emperor and the pope in conducting internal and external affairs
Council of Trent,1545-1563,2,Italian Peninsula; Europe-wide,1,2,2,3,3,1,1,R,I,"Before the Counter-Reformation revitalized Catholicism, the Council of Trent spent 18 years defining exactly what Catholics believed and why they were different from Protestants.",Index of Forbidden Books; Seminary system; Jesuit missions,"Although Trent is often called 'Counter-Reformation' (opposing Protestantism), it was also genuine internal reform—better clergy training, clearer doctrine, and reduced corruption improved Catholicism on its own terms",Students often reduce Trent to 'anti-Protestant'—miss that it was also genuine Catholic self-improvement that made the church more effective and appealing
Jesuits Founded (Society of Jesus),1540,2,Spain; Europe-wide; Global,2,2,2,3,3,0,1,R,I,"Before modern global education networks existed, the Jesuits had already built a worldwide system of schools that trained Catholic elites from Europe to Japan.",Ignatius of Loyola's Spiritual Exercises; Jesuit missions in China (Matteo Ricci); Ratio Studiorum,"Although the Jesuits were agents of the Counter-Reformation, their commitment to education and science sometimes put them at odds with other Catholic authorities—they were reformers as much as defenders","Students often reduce the Counter-Reformation to the Inquisition—the Jesuits show that Catholicism's most effective tool was education, not persecution"
Dutch Revolt,1568-1648,2,Netherlands; Spain,2,2,3,2,1,1,3,P,E,"Before the Dutch Golden Age dazzled Europe, the Dutch had to fight an 80-year war of independence against Spain—driven by resentment of Spanish taxation, religious persecution, and political control.",William of Orange (William the Silent); Duke of Alba's Council of Blood; Union of Utrecht 1579,"Although the Dutch Revolt is often framed as Protestants vs. Catholics, many Catholics in the Netherlands also opposed Spanish rule—showing that political and economic grievances mattered as much as religion",Students often forget the Dutch Revolt lasted 80 YEARS (1568-1648) and was only formally resolved at the Peace of Westphalia—it wasn't a quick revolution
Reign of Louis XIV,1643-1715,3,France,2,3,3,2,1,1,3,P,S,"Before the Enlightenment challenged absolute monarchy, Louis XIV had perfected it—centralizing all power, taming the nobility, and making France the model for European rulers.",Versailles palace; Colbert's mercantilism; War of Spanish Succession,"Although Louis XIV achieved domestic absolutism, his constant wars ultimately weakened France—the cost of military hegemony undermined the economic foundations of royal power",Students often portray Louis XIV as all-powerful from day one—miss that the Fronde (noble rebellion when he was a child) traumatized him and MOTIVATED his obsessive centralization
Revocation of the Edict of Nantes,1685,3,France,2,2,3,3,1,0,3,P,R,"Before the Enlightenment made toleration a philosophical ideal, Louis XIV's revocation of the Edict of Nantes demonstrated the human and economic cost of religious persecution—driving out France's most productive minority.",Huguenot diaspora; Pierre Bayle's arguments for toleration; Economic decline in Huguenot regions,"Although Louis XIV intended the revocation to strengthen France through religious unity, it actually weakened France by driving out skilled workers while enriching Protestant rivals who welcomed them","Students often mention the revocation only as a religious event—miss the ECONOMIC argument: France exported 200,000 skilled workers to its competitors, which is economic self-harm"
Dutch Golden Age,1600-1700,3,Netherlands,2,2,2,2,2,2,3,E,P,"Before England became the dominant commercial power, the Dutch Republic had already demonstrated that religious toleration, commercial freedom, and republican government could make a tiny country the richest in Europe.",Dutch East India Company (VOC); Amsterdam Stock Exchange; Tulip mania,"Although the Dutch Republic championed toleration and commerce, its wealth depended partly on colonial exploitation—the VOC's spice trade involved violent monopoly enforcement in Southeast Asia",Students often forget the Dutch Golden Age when comparing absolutism and constitutionalism—the Netherlands is AS important as England for the constitutionalism side of the argument
English Civil War,1642-1651,3,England,1,2,3,2,2,1,2,P,R,"Before the Glorious Revolution established constitutional monarchy, the English Civil War had already killed a king and briefly abolished the monarchy—proving that parliamentary sovereignty was a real possibility.",Ship Money tax; Oliver Cromwell; Execution of Charles I 1649,"Although the English Civil War established the precedent that monarchs could be held accountable, the actual result was Cromwell's military dictatorship—showing that overthrowing a king doesn't automatically produce freedom",Students often jump from Charles I's execution straight to the Glorious Revolution—miss that Cromwell's Commonwealth and the Restoration happened in between
Glorious Revolution,1688-1689,3,England; Netherlands,1,1,3,2,2,0,1,P,R,"Before Enlightenment thinkers theorized about limited government, the Glorious Revolution had already implemented it—creating a constitutional monarchy where Parliament was sovereign.",English Bill of Rights 1689; Locke's Two Treatises; Toleration Act 1689,"Although the Glorious Revolution is celebrated as a triumph of liberty, it excluded Catholics, women, and most of the population from political participation—'constitutional monarchy' meant rule by Protestant landed elites, not democracy","Students often call the Glorious Revolution 'democratic'—it wasn't. It transferred power from the king to Parliament, which represented wealthy Protestant men. Democracy came much later."
Peter the Great,1682-1725,3,Russia,3,2,3,1,1,2,2,P,G,"Before Catherine the Great expanded Russian influence, Peter the Great had already forced Russia into the European state system—building a navy, a new capital, and an army modeled on Western powers.",St. Petersburg construction; Great Northern War vs. Sweden; Table of Ranks,"Although Peter westernized Russia's elite culture and military, he strengthened serfdom for the peasant majority—modernization at the top coexisted with increased oppression at the bottom",Students often say Peter 'modernized Russia'—miss that modernization was skin-deep for most Russians; he westernized the elite while tightening serfdom for 90% of the population
Catherine the Great,1762-1796,3,Russia,3,2,3,0,2,1,2,P,G,"Before the French Revolution showed that Enlightenment ideas could overthrow a monarchy, Catherine the Great had already demonstrated the alternative—enlightened despots who adopted the language of reform while strengthening autocracy.",Pugachev Rebellion; Partitions of Poland; Charter of the Nobility,"Although Catherine corresponded with Voltaire and Diderot about reform, the Pugachev Rebellion convinced her that loosening control was dangerous—showing that Enlightenment ideals collapsed when they threatened elite power",Students often take 'enlightened despot' at face value—the AP wants you to argue that Catherine USED Enlightenment language for legitimacy while governing as a traditional autocrat
Mercantilism,1600-1800,3,Europe-wide,2,1,3,0,2,1,3,E,P,"Before Adam Smith argued for free markets, European states practiced mercantilism—the belief that national wealth came from hoarding gold, controlling trade, and exploiting colonies.",Colbert's policies in France; English Navigation Acts; Adam Smith's critique,"Although mercantilism aimed to enrich the state, its protectionist policies often stifled innovation and competition—Adam Smith later argued that free trade would create more wealth than government regulation","Students often describe mercantilism as just 'gold hoarding'—it was a comprehensive system of state economic management including tariffs, monopolies, colonies, and manufacturing promotion"
Scientific Revolution,1543-1700,4,Europe-wide,1,1,1,2,3,2,0,I,T,"Before the Enlightenment applied reason to society and politics, the Scientific Revolution had already demonstrated that observation and experiment could overthrow centuries of accepted authority.",Copernicus's heliocentric model; Bacon's empiricism; Descartes's rationalism,"Although the Scientific Revolution is often presented as science defeating religion, most scientists were deeply religious—Newton spent more time on theology than physics, and the 'conflict' narrative is largely a 19th-century invention","Students often list discoveries (telescope, gravity) without explaining the METHODOLOGICAL revolution—the AP cares about HOW thinking changed (empiricism, experimentation), not just WHAT was discovered"
Galileo,1610-1633,4,Italian Peninsula,1,1,2,3,3,3,0,I,T,"Before Newton unified physics and astronomy, Galileo had already shown through his telescope that Copernicus was right—and been condemned by the Church for saying so.",Galileo's Dialogue; Moons of Jupiter; Church's Index of Forbidden Books,"Although the Galileo affair is iconic as 'science vs. religion,' Galileo was a devout Catholic who thought heliocentrism was compatible with faith—the conflict was as much about institutional authority as theology","Students often say 'the Church rejected science'—actually, the Church had supported astronomy for centuries. The issue was Galileo's direct challenge to official doctrine and his antagonistic approach"
Newton's Principia Mathematica,1687,4,England,0,1,1,1,3,1,0,I,,"Before the Enlightenment applied reason to government and society, Newton's Principia had demonstrated that the entire physical universe obeyed rational mathematical laws—suggesting that rational laws might govern human society too.",Universal gravitation; Three laws of motion; Royal Society,"Although Newton is celebrated as a rationalist pioneer, he spent more time on alchemy and biblical prophecy than physics—his personal beliefs were far more mystical than the 'Newtonian worldview' he inspired","Students often cite 'Newton discovered gravity' (apple story)—the AP wants you to explain that he UNIFIED terrestrial and celestial physics into mathematical laws, which is what made it revolutionary"
The Enlightenment,1685-1800,4,France; Europe-wide,1,2,3,2,3,1,2,I,P,"Before the French Revolution attempted to rebuild society on rational principles, Enlightenment thinkers had spent a century arguing that reason, not tradition, should govern human affairs.",Diderot's Encyclopédie; Montesquieu's Spirit of the Laws; Beccaria's On Crimes and Punishments,"Although the Enlightenment championed universal reason and liberty, most philosophes were elites who didn't extend their principles to women, non-Europeans, or the poor—'universal' was selective","Students often treat the Enlightenment as anti-religious—most philosophes were deists (believed in God through reason), not atheists. They opposed organized religion's power, not belief itself"
Locke's Two Treatises of Government,1690,4,England,0,1,3,1,3,0,1,P,I,"Before the French Revolution declared the Rights of Man, Locke had already argued that governments exist only by consent of the governed—and that people have the right to rebel against tyranny.",Hobbes's Leviathan (contrast); American Declaration of Independence; Glorious Revolution,"Although Locke championed 'natural rights,' his version excluded women, the propertyless, and non-Christians—showing that even revolutionary ideas had conservative limits","Students often say 'Locke influenced the Glorious Revolution'—actually, he published AFTER it and used it as justification. The influence flowed the other direction for the American and French Revolutions"
Rousseau's Social Contract,1762,4,France; Switzerland,0,2,3,1,3,0,1,P,I,"Before the French Revolution's radical phase invoked 'the general will' to justify the Terror, Rousseau had already argued that the people's collective will was the only legitimate source of authority—even if individuals had to be 'forced to be free.'",Discourse on Inequality; Émile (education treatise); Jacobin ideology,"Although Rousseau championed popular sovereignty, his concept of 'forcing people to be free' contained the seeds of authoritarianism—Robespierre used Rousseau to justify the Terror","Students often lump Locke and Rousseau together as 'Enlightenment thinkers'—the AP wants you to contrast them: Locke = individual rights, Rousseau = general will. Very different political implications."
Adam Smith's Wealth of Nations,1776,4,Britain,0,2,2,0,3,0,3,I,E,"Before the Industrial Revolution applied free market principles at scale, Adam Smith had already demolished mercantilism intellectually—arguing that competition, not regulation, creates national wealth.",Invisible hand metaphor; Division of labor (pin factory); Physiocrats (French predecessors),"Although Smith championed free markets, he also warned about the dangers of monopolies and the need for public goods like education—he wasn't the pure laissez-faire ideologue that later followers claimed","Students often reduce Smith to 'free markets good, government bad'—Smith actually supported public education, regulation of banking, and progressive taxation. He was more nuanced than his fans."
Salons and the Public Sphere,1700-1800,4,France; Europe-wide,1,3,2,1,3,2,1,S,I,"Before the French Revolution mobilized mass political participation, the Enlightenment had already created a 'public sphere' of salons, coffeehouses, and print culture where ideas could be debated outside royal and church control.",Madame Geoffrin's salon; Diderot's Encyclopédie; Habermas's concept of the public sphere,"Although salons are celebrated as spaces of intellectual freedom, they were hosted by wealthy women for elite guests—the 'public sphere' was never truly public, just a wider elite circle than the royal court",Students often skip salons as trivial social events—the AP specifically tests them as the MECHANISM by which Enlightenment ideas spread and the role of WOMEN in the Enlightenment
Voltaire,1700-1800,4,France; Europe-wide,1,2,2,3,3,0,1,I,R,"Before the French Revolution attacked the church, Voltaire had spent decades demolishing its intellectual credibility—his satirical attacks on superstition and intolerance shaped an entire generation's thinking.",Candide (critique of optimism); Calas affair (religious persecution case); Letters on the English,"Although Voltaire championed toleration, he was dismissive of Judaism, condescending toward non-European cultures, and preferred enlightened despotism to democracy—his liberalism had clear limits",Students often quote 'I disapprove of what you say but will defend to the death your right to say it'—Voltaire never said this. It was written by his biographer. Use actual Voltaire quotes on the exam.
French Revolution Begins,1789,5,France,1,3,3,1,2,0,3,P,E,"Before the French Revolution remade European politics, a century of Enlightenment thought had challenged traditional authority while decades of fiscal crisis had bankrupted the French monarchy.",Tennis Court Oath; Great Fear; Cahiers de doléances,"Although the Revolution was inspired by Enlightenment ideals of liberty and equality, its immediate trigger was a fiscal crisis—showing that ideas need material conditions to become revolutionary","Students often credit the Revolution entirely to Enlightenment ideas—miss that the immediate cause was a FISCAL CRISIS. The monarchy was literally bankrupt. Ideas mattered, but empty treasuries and expensive bread lit the fuse."
Declaration of the Rights of Man and Citizen,1789,5,France,0,2,3,1,3,0,1,P,I,"Before the Revolution radicalized into the Terror, the Declaration of the Rights of Man had established a moderate, Enlightenment-based vision of constitutional government, natural rights, and equality before the law.",Olympe de Gouges's Declaration of the Rights of Woman; American Declaration of Independence; Lafayette's role in drafting,"Although the Declaration proclaimed universal rights, it excluded women, enslaved people, and the propertyless—Olympe de Gouges's Declaration of the Rights of Woman (1791) exposed this hypocrisy and she was executed for it",Students often treat the Declaration as establishing democracy—it actually set up a constitutional monarchy with limited suffrage. 'Equality' and 'democracy' were not the same thing in 1789.
Civil Constitution of the Clergy,1791,5,France,1,2,3,3,1,0,2,P,R,"Before the Terror, the Civil Constitution of the Clergy had already alienated millions of French Catholics by forcing priests to choose between the Revolution and the Pope—creating the internal opposition that pushed the Revolution toward radicalism.",Vendée revolt; Refractory vs. constitutional priests; Assignats (currency),"Although the Civil Constitution aimed to bring the church under rational, democratic control, it backfired catastrophically—turning devout Catholics into counter-revolutionaries and splitting French society",Students often skip the Civil Constitution when explaining radicalization—it's CRUCIAL because it created the internal religious opposition that the Terror later tried to destroy
Radical Phase / Reign of Terror,1792-1794,5,France,1,3,3,2,2,1,2,P,S,"Before Napoleon restored order, the French Revolution's radical phase had demonstrated both the power and the danger of revolutionary ideology—40,000 executed in the name of liberty and virtue.",Execution of Louis XVI; Robespierre's fall (Thermidor); Levée en masse,"Although Robespierre claimed the Terror was necessary to save the Revolution from its enemies, the escalating violence eventually consumed the revolutionaries themselves—proving that unlimited state power corrupts even those who seize it for idealistic reasons","Students often treat the Terror as just 'guillotine executions'—miss that it included economic controls, dechristianization, a new calendar, mass conscription, and an attempt to rebuild all of society from scratch"
Napoleon's Rule,1799-1815,5,France; Europe-wide,3,2,3,1,1,1,2,P,G,"Before the Congress of Vienna tried to restore the old order, Napoleon had already demolished it—abolishing the Holy Roman Empire, spreading the Napoleonic Code, and igniting nationalism across Europe.",Napoleonic Code; Continental System; Invasion of Russia 1812,"Although Napoleon spread revolutionary ideals of equality and meritocracy, he also reinstated slavery in Haiti and crowned himself emperor—he was both the Revolution's heir and its betrayer","Students often focus on Napoleon's military campaigns and miss the AP point: his LASTING impact was spreading revolutionary legal and social reforms (Napoleonic Code, abolition of feudalism, meritocracy) across Europe"
Congress of Vienna,1814-1815,5,Austria; Europe-wide,3,1,3,0,2,0,1,P,G,"Before the revolutions of 1830 and 1848 challenged the conservative order, the Congress of Vienna had attempted to turn back the clock—restoring monarchies and redrawing borders to prevent another Napoleon.",Metternich as architect; Concert of Europe; Principle of legitimacy,"Although the Congress of Vienna successfully prevented major European war for decades, it failed to address the forces of nationalism and liberalism that Napoleon had unleashed—creating the tensions that exploded in 1848","Students often dismiss the Congress of Vienna as 'reactionary failure'—it actually maintained European peace for 40 years, which is remarkably successful by historical standards"
Napoleonic Code,1804,5,France; Europe-wide,2,3,3,1,2,0,2,P,S,"Before liberal reforms spread across 19th-century Europe, the Napoleonic Code had already established equality before the law, property rights, and secular governance as legal norms across much of the continent.",Code's influence on Louisiana law; Women's legal status under the Code; Code still forms basis of French law,"Although the Napoleonic Code established equality before the law, it explicitly made women legal minors under their husbands—showing that the Revolution's 'equality' was always gendered","Students often mention the Napoleonic Code as a positive legacy without noting its treatment of women—the AP specifically wants you to recognize its contradictions (progressive for men, regressive for women)"
Industrial Revolution (First Phase),1760-1840,6,Britain; Western Europe,3,3,2,1,2,3,3,T,E,"Before the Industrial Revolution, Europe's economy was overwhelmingly agricultural, with most goods produced by hand in cottage industries",Enclosure movement; Adam Smith's Wealth of Nations (1776); Luddite movement,"Although technological innovation drove industrialization, it required pre-existing capital accumulation from colonial trade and a political system that protected property rights",Students often wrongly treat the Industrial Revolution as a sudden event rather than a decades-long process with regional variation
Urbanization and Social Consequences,1800-1850,6,Britain; Western Europe,3,3,2,1,2,1,3,S,G,"Before mass urbanization, most Europeans lived in villages of a few hundred people with agricultural rhythms governing daily life",Chadwick's Report on the Sanitary Condition of the Labouring Population (1842); Chartist movement; Friedrich Engels's observations in Manchester,"Although urbanization created appalling living conditions, it also enabled new forms of working-class solidarity and collective action that eventually improved those conditions","Students often wrongly assume all urban workers were worse off than rural peasants, ignoring that many migrated voluntarily for higher wages"
Railroad Expansion,1830-1850,6,Britain; Western Europe,3,2,2,0,1,3,3,T,E,"Before railroads, overland transport was so expensive that it was often cheaper to ship goods by sea around an entire continent than to haul them 50 miles inland",Liverpool-Manchester Railway (1830); Railway mania investment bubble (1840s); Standardization of time zones,"Although railroads are celebrated as engines of progress, they also destroyed canal investments, displaced communities along routes, and concentrated economic power in railroad barons",Students often wrongly assume railroads spread evenly across Europe; eastern and southern regions lagged decades behind Britain and Belgium
Agricultural Revolution,1750-1850,6,Britain; Western Europe,2,3,2,0,2,2,3,S,E,"Before the agricultural revolution, periodic famine still constrained European population growth, and most people's labor went to producing food",Jethro Tull's seed drill; Four-field crop rotation system; Enclosure Acts,"Although agricultural innovation increased total food production, it devastated rural communities and created the desperate poverty that made factory labor seem like an improvement","Students often wrongly treat the agricultural revolution as a purely positive development, ignoring that enclosure impoverished millions of smallholders"
Revolutions of 1830,1830,7,France; Belgium; Poland,2,3,3,1,2,1,2,P,S,"Before the 1830 revolutions, the Concert of Europe had largely succeeded in suppressing liberal and nationalist movements since 1815",Concert of Europe; Congress of Vienna settlement; Delacroix's Liberty Leading the People,"Although the 1830 revolutions are often called liberal victories, they primarily benefited the upper bourgeoisie while leaving working-class demands unmet—setting the stage for 1848",Students often wrongly assume the 1830 revolutions succeeded everywhere; Poland's uprising was brutally crushed and Italian revolts were suppressed by Austria
Revolutions of 1848,1848,7,France; Germany; Austria; Italy; Hungary,2,3,3,1,2,1,2,P,S,"Before 1848, the Concert of Europe system had largely contained liberal and nationalist movements, but economic crisis and growing middle-class frustration were eroding its foundations",Frankfurt Parliament; Louis Napoleon's election as president; Abolition of serfdom in Habsburg lands,"Although 1848 is called 'the turning point where Europe failed to turn,' it permanently ended serfdom in Austria and demonstrated that conservative rule required reform to survive",Students often wrongly say 1848 accomplished nothing; serfdom's abolition in the Habsburg Empire was permanent and significant
Communist Manifesto,1848,7,Germany; Western Europe,1,3,3,1,3,1,3,I,E,"Before the Communist Manifesto, socialist thought was fragmented among utopian experimenters, anarchists, and trade unionists without a unified theoretical framework","Utopian socialists (Owen, Fourier, Saint-Simon); First International (1864); Das Kapital (1867)","Although Marx predicted revolution in industrialized Western Europe, his ideas had their greatest political impact in semi-industrialized Russia and agrarian China—places that contradicted his theory",Students often wrongly conflate the Communist Manifesto with Soviet communism; Marx's vision was quite different from what Lenin and Stalin actually built
Labor Movements,1830-1914,7,Britain; France; Germany; Western Europe,1,3,3,1,2,1,3,S,P,"Before organized labor movements, individual workers had virtually no bargaining power against employers and could be fired, fined, or replaced at will",Chartist movement in Britain; German Social Democratic Party (SPD); Rerum Novarum (1891),"Although labor movements are often presented as unified, they were deeply divided between reformists who sought change within capitalism and revolutionaries who wanted to overthrow it","Students often wrongly assume labor movements were exclusively Marxist; many were reformist, religious, or anarchist in orientation"
German Unification,1861-1871,7,Germany; Prussia; France; Austria,2,2,3,1,2,2,2,P,S,"Before unification, 'Germany' was a geographic expression of 39 separate states loosely confederated after the Congress of Vienna, with Austria and Prussia competing for influence",Zollverein customs union; Franco-Prussian War and Siege of Paris; Ems Telegram,"Although Bismarck achieved national unity, the authoritarian structure he built—with a weak parliament and powerful military—created long-term instability that contributed to World War I",Students often wrongly credit German unification to nationalist popular movements; it was engineered from above by Bismarck's cabinet diplomacy and military planning
Italian Unification,1859-1871,7,Italy; France; Austria,3,2,3,2,2,1,2,P,G,"Before unification, Metternich dismissed Italy as a 'mere geographical expression,' divided among Austrian, papal, Bourbon, and Piedmontese control",Mazzini's Young Italy; Garibaldi's Red Shirts and Expedition of the Thousand; Cavour's alliance with Napoleon III,"Although Italy achieved political unification, the new state failed to integrate the impoverished south, creating a 'Southern Question' that persists to this day","Students often wrongly present Garibaldi, Mazzini, and Cavour as allies with shared goals; they had fundamentally different visions for Italy's political structure"
New Imperialism,1870-1914,7,Africa; Asia; Britain; France; Germany; Belgium,3,3,3,1,2,2,3,P,E,"Before the New Imperialism, European presence in Africa was largely limited to coastal trading posts; the interior was unmapped and uncontrolled by European powers",Berlin Conference (1884-85); King Leopold II's Congo Free State atrocities; Scramble for Africa,"Although Europeans justified imperialism as a 'civilizing mission,' colonial rule systematically destroyed existing political and economic systems while extracting wealth for the metropole","Students often wrongly assume Africans passively accepted colonization; resistance was widespread, from the Zulu wars to the Herero revolt to Ethiopian victory at Adwa"
Darwin's Origin of Species,1859,7,Britain; Western Europe,2,2,1,3,3,1,1,I,R,"Before Darwin, most Europeans accepted some version of divine creation; earlier evolutionary thinkers like Lamarck lacked a convincing mechanism",Huxley-Wilberforce Oxford debate (1860); Herbert Spencer's Social Darwinism; Malthus's Essay on the Principle of Population,"Although Darwin's theory was revolutionary science, its misapplication as Social Darwinism caused enormous harm by providing pseudo-scientific justification for racism, imperialism, and eugenics",Students often wrongly conflate Darwin's biological theory with Social Darwinism; Darwin did not advocate applying natural selection to human societies
Dreyfus Affair,1894-1906,7,France,1,3,3,3,2,0,1,P,R,"Before the Dreyfus Affair, the Catholic Church retained significant political influence in France despite the republic, and antisemitism was a mainstream political position",Émile Zola's 'J'accuse' (1898); Theodor Herzl and the birth of Zionism; French Law on the Separation of Churches and State (1905),"Although the Dreyfus Affair is celebrated as a triumph of justice, it also revealed how deeply antisemitism was embedded in French institutions—a reality that would resurface catastrophically under Vichy",Students often wrongly treat the Dreyfus Affair as only about antisemitism; it was equally about the power of the military and Church versus republican democracy
Second Industrial Revolution,1870-1914,7,Germany; United States; Britain; France; Western Europe,2,2,1,0,3,3,3,T,E,"Before the Second Industrial Revolution, industry relied on coal and steam; the application of scientific research to manufacturing was ad hoc rather than systematic",Bessemer steel process; Edison and electrical power systems; German chemical and pharmaceutical industry,"Although the Second Industrial Revolution produced extraordinary material progress, it also concentrated economic power in monopolies and cartels, intensified imperial competition, and helped create the conditions for World War I","Students often wrongly treat industrialization as a single event rather than recognizing the Second Industrial Revolution as qualitatively different—science-based, corporate-organized, and globally competitive"
Feminism and Women's Rights,1815-1914,7,Britain; France; Western Europe,1,3,3,1,3,0,2,S,P,"Before organized feminist movements, women's legal status in most of Europe was essentially that of dependents—unable to own property, sign contracts, or vote",Mary Wollstonecraft's Vindication of the Rights of Woman (1792); John Stuart Mill's On the Subjection of Women (1869); Emmeline Pankhurst and the WSPU,"Although feminism invoked universal equality, early movements were largely led by and focused on middle-class white women, often ignoring working-class women's distinct concerns",Students often wrongly assume women gained the right to vote in the 19th century; most European women didn't gain suffrage until after World War I
World War I,1914-1918,8,France; Germany; Britain; Russia; Austria-Hungary; Ottoman Empire,3,3,3,1,2,3,2,P,T,"Before WWI, a century of relative peace since Napoleon (Concert of Europe) had made many Europeans complacent about the impossibility of major war",Schlieffen Plan; Battle of the Somme; Armenian Genocide,"Although the alliance system is often blamed for the war, the deeper cause was a toxic combination of imperial rivalry, militarism, and nationalist media that made war seem acceptable to decision-makers","Students often wrongly say the assassination of Franz Ferdinand 'caused' WWI; it was the trigger, not the cause—the underlying tensions had been building for decades"
Treaty of Versailles,1919,8,France; Germany; Britain; Europe,2,2,3,0,2,1,3,P,E,"Before Versailles, the Congress of Vienna (1815) had established the precedent of reintegrating defeated powers; Versailles broke with that tradition by humiliating and punishing Germany",Keynes's Economic Consequences of the Peace (1919); League of Nations; War Guilt Clause (Article 231),"Although Versailles is often blamed for WWII, the treaty's failure also owed to the Allies' unwillingness to enforce it consistently—they neither conciliated Germany nor maintained the military strength to contain it","Students often wrongly say Versailles 'caused' WWII; it created conditions that were exploited by political actors, but the rise of Nazism was not inevitable"
Russian Revolution,1917,8,Russia,2,3,3,1,3,1,3,P,I,"Before 1917, Russia had experienced the 1905 revolution, partial modernization under Witte and Stolypin, and entry into WWI—each revealing the tsarist system's fragility",Lenin's April Theses; Bloody Sunday (1905); Russian Civil War (1918-1921),"Although the October Revolution claimed to represent the workers, the Bolsheviks were a small vanguard party that seized power in a largely peasant country—a contradiction that shaped Soviet history","Students often wrongly conflate the February and October revolutions; February was a broadly popular uprising against the Tsar, while October was a targeted Bolshevik coup against the Provisional Government"
Great Depression,1929-1939,8,United States; Germany; Britain; France; Europe,2,3,3,0,2,0,3,E,P,"Before the Depression, the 1920s had seen partial economic recovery in Europe, with American loans supporting German reparation payments in a fragile cycle of interdependence",US Smoot-Hawley Tariff; Keynes's General Theory of Employment (1936); Weimar hyperinflation as prelude,"Although the Depression hit all of Europe, its political effects varied dramatically—Britain and France preserved democracy while Germany and much of Eastern Europe turned to authoritarianism, suggesting that economic crisis alone doesn't explain political outcomes","Students often wrongly assume the Depression directly caused WWII; it enabled fascism's rise, but political choices by specific leaders were also necessary"
Nazi Germany,1933-1945,8,Germany; Europe,2,3,3,1,3,2,2,P,I,"Before Hitler's rise, the Weimar Republic faced hyperinflation, political violence, the Depression, and deeply divided democratic institutions that failed to contain extremism",Enabling Act (1933); Nuremberg Laws (1935); Kristallnacht (1938),"Although economic desperation enabled Hitler's rise, Nazi ideology was not reducible to economic grievance—racial antisemitism was a sincere conviction, not merely a political tool",Students often wrongly present Hitler's rise as inevitable after WWI and the Depression; democratic alternatives existed but were undermined by specific political failures and choices
Stalin's Soviet Union,1922-1953,8,Russia; Soviet Union,2,3,3,1,2,2,3,P,E,"Before Stalin's consolidation of power, the Soviet Union had experienced revolution, civil war, and Lenin's partial market reforms (NEP), leaving it still largely agrarian",Five-Year Plans; Holodomor (Ukrainian famine); Great Purge / Show Trials,"Although Stalin's industrialization genuinely transformed the USSR into an industrial power capable of defeating Nazi Germany, it did so at a cost of millions of lives—raising the question of whether the ends justified the means",Students often wrongly equate Stalin's policies with Marxism or even Leninism; Stalin's personal dictatorship and mass terror went far beyond anything Marx or even Lenin envisioned
World War II,1939-1945,8,Europe; Germany; Britain; France; Russia; Poland,3,3,3,1,2,3,2,P,T,"Before WWII, the failure of appeasement at Munich, the Nazi-Soviet Pact, and the militarization of fascist states made war increasingly inevitable","D-Day invasion (June 6, 1944); Battle of Stalingrad; Yalta and Potsdam Conferences","Although WWII is often presented as a clear moral conflict between good and evil, Allied conduct—including strategic bombing of civilians, Soviet atrocities, and colonial exploitation—complicates this narrative","Students often wrongly focus exclusively on the Western Front; the Eastern Front was far larger, far deadlier, and arguably more decisive in defeating Nazi Germany"
The Holocaust,1941-1945,8,Germany; Poland; Eastern Europe,2,3,3,3,2,2,1,P,S,"Before the Holocaust, European Jews had experienced centuries of discrimination, pogroms, and ghettoization, but nothing on the scale of industrialized extermination",Wannsee Conference (1942); Nuremberg Trials; Elie Wiesel's Night,"Although the Holocaust is sometimes treated as uniquely German evil, it required collaboration across occupied Europe—French police, Lithuanian auxiliaries, Hungarian officials—revealing a broader European complicity",Students often wrongly assume the Holocaust was known but ignored by the Allies from the start; information arrived gradually and was often disbelieved or deprioritized
Fascist Italy / Mussolini,1922-1943,8,Italy,2,3,3,2,2,1,2,P,S,"Before Mussolini's rise, post-WWI Italy experienced the 'mutilated victory' resentment, economic crisis, factory occupations, and a weak parliamentary system that could not manage competing demands",March on Rome (1922); Lateran Accords (1929); Ethiopian invasion (1935-36),"Although Mussolini is often portrayed as a buffoon compared to Hitler, he successfully governed for 21 years, pioneered fascist political techniques, and his regime served as Hitler's model","Students often wrongly assume Italian fascism was just a weaker version of Nazism; it had distinct characteristics, including accommodation with the Church and lack of systematic racial genocide (until German pressure in 1938)"
Munich Agreement,1938,8,Germany; Britain; France; Czechoslovakia,3,2,3,0,2,1,1,P,G,"Before Munich, Hitler had already remilitarized the Rhineland and annexed Austria (Anschluss) without Allied resistance, establishing a pattern of successful aggression",Anschluss with Austria (March 1938); Chamberlain's 'peace for our time' declaration; German occupation of remaining Czechoslovakia (March 1939),"Although Munich is universally condemned today, Chamberlain faced genuine constraints: Britain was militarily unprepared, public opinion opposed war, and the Dominions were reluctant—appeasement bought time even as it emboldened Hitler",Students often wrongly portray Chamberlain as naive or cowardly; he was making a calculated (if ultimately wrong) bet that satisfying Hitler's stated grievances could prevent a catastrophic war
Cold War,1947-1991,9,Europe; United States; Soviet Union,3,2,3,1,3,2,2,P,I,"Before the Cold War, the wartime alliance against fascism had temporarily united liberal-democratic and communist powers, but ideological tensions existed throughout",Truman Doctrine (1947); Berlin Blockade and Airlift (1948-49); Cuban Missile Crisis (1962),"Although the Cold War is often presented as a bipolar contest, European nations on both sides had significant agency—France pursued independent policies, and Eastern European dissidents ultimately helped end the conflict","Students often wrongly assume the Cold War was primarily a military conflict; it was fought mainly through ideology, economics, proxy wars, and espionage rather than direct combat between superpowers"
Marshall Plan,1948,9,United States; Western Europe,2,2,3,0,2,1,3,E,P,"Before the Marshall Plan, Western Europe faced economic collapse, food shortages, and powerful communist parties in France and Italy that threatened to win power through elections",Truman Doctrine (1947); OEEC (Organization for European Economic Cooperation); Beginning of European integration,"Although the Marshall Plan is celebrated as generous American idealism, it also served American economic interests by creating export markets and binding Europe to the US-led capitalist system",Students often wrongly think the Marshall Plan single-handedly rebuilt Europe; recipient nations' own policies and labor were equally important to recovery
European Integration,1951-present,9,Western Europe; Europe,2,2,3,0,2,1,3,P,E,"Before European integration, the continent had experienced two world wars in 30 years, driven partly by Franco-German rivalry over the Ruhr's industrial resources",Schuman Declaration (1950); Maastricht Treaty (1992); Brexit (2016-2020),"Although European integration has preserved peace and created prosperity, it faces ongoing legitimacy challenges—the 'democratic deficit,' Euroscepticism, and Brexit demonstrate that supranational governance struggles to inspire popular loyalty",Students often wrongly treat the EU as a federal state; it remains a hybrid of supranational and intergovernmental elements where member states retain significant sovereignty
Hungarian Revolution,1956,9,Hungary; Soviet Union,2,3,3,1,2,1,2,P,S,"Before the Hungarian Revolution, Khrushchev's 1956 'Secret Speech' denouncing Stalin had raised hopes for liberalization throughout the Eastern bloc","Khrushchev's Secret Speech (1956); Suez Crisis (simultaneous, distracted Western attention); Imre Nagy's execution (1958)","Although the West rhetorically supported Eastern European freedom, the US and NATO deliberately chose not to intervene in Hungary, revealing that 'rollback' of communism was rhetoric, not policy",Students often wrongly assume the West failed to help Hungary due to ignorance or distraction; the decision was deliberate—risking nuclear war over Hungary was judged too dangerous
Prague Spring / 1968,1968,9,Czechoslovakia; Soviet Union,2,3,3,0,3,1,1,P,I,"Before the Prague Spring, the Hungarian Revolution's crushing in 1956 had already demonstrated Soviet willingness to use force, but Dubček believed a more gradual, party-led reform might succeed",Brezhnev Doctrine; Jan Palach's self-immolation (1969); Charter 77 dissident movement,"Although the Prague Spring failed immediately, it inspired the dissident intellectual tradition (Havel, Charter 77) that ultimately contributed to communism's peaceful collapse in 1989","Students often wrongly conflate the Prague Spring with the 1968 protests in Western Europe; though contemporaneous, they had fundamentally different contexts—one sought freedom from communism, the others critiqued capitalism"
Fall of Communism,1989-1991,9,Eastern Europe; Soviet Union; Germany,3,3,3,1,2,1,3,P,E,"Before 1989, the Cold War division of Europe seemed permanent; Gorbachev's reforms were intended to save communism, not destroy it",Solidarity movement in Poland; Gorbachev's glasnost and perestroika; German reunification (1990),"Although 1989 is celebrated as a triumph of freedom, the post-communist transition brought economic shock therapy, rising inequality, and in some cases (Yugoslavia) violent ethnic conflict","Students often wrongly credit Reagan or Western pressure alone for communism's fall; internal factors—economic failure, popular movements, and Gorbachev's choices—were more important"
Contemporary European Challenges,1992-present,9,Europe,2,3,3,1,2,2,3,P,S,"Before contemporary challenges emerged, the post-Cold War period was characterized by optimism about democracy, European integration, and the 'end of history'",Brexit referendum (2016); European migrant crisis (2015); Eurozone debt crisis (2010-12),"Although populism and Euroscepticism are often attributed to ignorance or xenophobia, they also reflect legitimate democratic concerns about accountability, sovereignty, and the distribution of globalization's costs",Students often wrongly treat the EU as either a complete success or a complete failure; it is an ongoing experiment with genuine achievements and unresolved structural problems
Decolonization,1945-1975,9,Africa; Asia; Britain; France; Belgium; Portugal,3,3,3,1,2,1,2,P,G,"Before decolonization, European powers had controlled vast territories in Africa and Asia for decades to centuries, extracting resources and imposing political systems",Indian independence and partition (1947); Algerian War of Independence (1954-62); Suez Crisis (1956),"Although decolonization achieved formal political independence, neocolonial economic relationships, Cold War interventions, and colonial-era borders often perpetuated dependency and instability","Students often wrongly assume decolonization was always peaceful and negotiated; the Algerian War, Mau Mau uprising, and Portuguese colonial wars involved significant violence"
Welfare State,1945-1980,9,Britain; France; Scandinavia; Western Europe,1,3,3,0,2,0,3,S,P,"Before the postwar welfare state, social protection was limited and patchwork; the wartime experience of shared sacrifice and government planning created political will for universal programs",Beveridge Report (1942); British NHS (1948); Thatcher's welfare state retrenchment (1980s),"Although the welfare state reduced inequality and improved living standards, critics from the right (Thatcher, Hayek) argued it reduced economic dynamism, while critics from the left argued it pacified workers without fundamentally changing power structures","Students often wrongly assume the welfare state was a socialist project; it was typically built by social democrats and Christian democrats working within capitalism, not against it"
Berlin Wall Built,1961,9,Germany; Berlin,3,3,3,0,2,2,2,G,P,"Before the Wall, Berlin was the Cold War's most dangerous flashpoint—an open border between systems where 1,000 East Germans fled daily, embarrassing the Soviet bloc",Kennedy's 'Ich bin ein Berliner' speech (1963); Peter Fechter's death at the Wall (1962); Reagan's 'Tear down this wall' speech (1987),"Although the Wall succeeded in stopping emigration and stabilizing East Germany economically, it was a devastating admission that communism could not compete with capitalism for its own citizens' loyalty—a confession of illegitimacy that would ultimately prove fatal","Students often wrongly assume the Wall surrounded West Berlin; it actually surrounded East Berlin and was built by the East to keep its own people in, not to keep Westerners out"
