id,date,startYear,endYear,precision,title,type,apUnit,apTopic,region,category,apTheme,tier,description,whyItMatters,causes,effects,memoryHook,sourceNote,confidence
bg-001,1302,1302,1302,exact,Unam Sanctam,event,1,1.1,France; Italy,religion; political,SOP; CID,3,"Pope Boniface VIII issues the bull Unam Sanctam, asserting supreme papal authority over secular rulers.",Illustrates late medieval tension between church and state that sets the stage for the decline of papal authority and the rise of national monarchies.,Conflict between Philip IV of France and the papacy over taxation of clergy,Crime of Anagni (1303); Weakened papal prestige; Led to Babylonian Captivity,Unam Sanctam = One Holy (papal supremacy claim before the fall),Viault Ch.1,high
bg-002,1305–1378,1305,1378,range,Babylonian Captivity of the Papacy,period,1,1.1,France,religion; political,SOP; CID,2,"Seven successive French popes reside in Avignon under substantial French royal influence, undermining universal papal authority.","Damaged papal prestige and helped create conditions for the Great Schism, conciliarism, and eventually the Reformation.",Conflict between Philip IV and Boniface VIII; Anarchy in Rome,Great Schism; Erosion of papal spiritual authority; Growth of national church sentiment,70 years in Avignon = 70 years of Babylonian exile parallel,Viault Ch.1,high
bg-003,1347–1351,1347,1351,range,Black Death,event,1,1.1,Italy; France; Britain; German States; Spain; Eastern Europe,social; economic,SOD; ECON,1,"Bubonic plague devastates Europe, killing roughly one-third of the population and transforming social, economic, and psychological conditions.","Essential contextualization for nearly every AP Euro development: labor shortages, decline of serfdom, price changes, religious upheaval, and demographic shifts that shaped the Renaissance and early modern period.",Spread along trade routes from Asia; Rat-flea transmission in crowded urban areas,Massive population decline; Labor shortages → higher wages → decline of serfdom; Intensified religious fervor and persecution of Jews; Accelerated economic transformation,1347 = Black Death arrives; kills 1/3 of Europe,Viault Ch.1; CED,high
bg-004,1337–1453,1337,1453,range,Hundred Years' War,war,1,1.1,France; Britain,war-diplomacy; political,SOP,2,"Prolonged Anglo-French conflict that weakened feudal nobility, strengthened national monarchies, and fostered national identity in both countries.","Explains the rise of national monarchies in France and England, weakening of feudal structures, and growing national consciousness — all preconditions for AP Euro's state-building theme.",Dynastic claims to the French throne; Territorial disputes over English holdings in France,English lose continental holdings except Calais; Strengthened French monarchy; Wars of the Roses in England; Growth of national identity,100 Years War ends 1453 — same year Constantinople falls,Viault Ch.1,high
bg-005,1378–1417,1378,1417,range,Great Schism,period,1,1.1,Italy; France,religion,CID; SOP,2,"Two (then three) rival popes claim authority, splitting Catholic Europe along political lines and further eroding papal prestige.","Weakened the institutional church, strengthened conciliarism, and set the stage for challenges to papal authority culminating in the Reformation.",Babylonian Captivity legacy; Disputed papal elections,Council of Constance resolves schism; Conciliar movement; Further erosion of papal authority,"Great Schism: 2 popes, then 3 — nobody knows who's boss",Viault Ch.1,high
bg-006,1455–1485,1455,1485,range,Wars of the Roses,war,1,1.1,Britain,war-diplomacy; political,SOP,3,"English civil war between Lancaster and York factions, ending with Henry Tudor's victory and the establishment of the Tudor dynasty.",Explains the rise of Tudor 'new monarchy' and centralized English state — a model for AP Euro state-building discussions.,Weakness of English monarchy after Hundred Years' War; Noble factionalism,Tudor dynasty established; Henry VII consolidates royal power; Decline of feudal nobility,Red rose vs. White rose → Tudor rose combines both,Viault Ch.1,high
bg-007,1414–1418,1414,1418,range,Council of Constance,event,1,1.1,German States,religion,CID; SOP,3,"Church council ends the Great Schism by electing Pope Martin V and burns Jan Hus as a heretic, but fails to achieve lasting reform.",Represents the conciliar movement's high point and its failure to reform the church — context for why the Reformation became necessary.,Great Schism; Demands for church reform,End of Great Schism; Hussite Wars in Bohemia; Conciliarism fails to sustain reform momentum,"Constance: ended Schism, burned Hus, failed reform",Viault Ch.1,high
bg-008,1453,1453,1453,exact,Fall of Constantinople,event,1,1.2,Eastern Europe,war-diplomacy; intellectual,INT; CID,2,"Ottoman Turks capture Constantinople, ending the Byzantine Empire and sending Greek scholars westward, stimulating Renaissance humanism.","Watershed year: ends the medieval Eastern Roman Empire, redirects trade routes, pushes Greek learning west, motivates European exploration for new routes to Asia.",Ottoman expansion; Byzantine decline,Greek scholars flee to Italy → boost Renaissance; Ottoman control of eastern Mediterranean trade; Impetus for Atlantic exploration,"1453: Constantinople falls, Hundred Years' War ends — medieval world ending",Viault Ch.1; CED,high
u1-001,c. 1350–1600,1350,1600,range,Italian Renaissance,process,1,1.2,Italy,artistic; intellectual,CID,1,"Cultural movement originating in Italian city-states emphasizing classical learning, secular values, humanism, and artistic innovation.","Foundational AP Euro concept: defines the beginning of the course, introduces humanism, secularism, individualism, and the revival of classical antiquity that shapes all subsequent intellectual history.","Wealth of Italian city-states from trade and banking; Classical manuscripts preserved and rediscovered; Patronage by Medici, popes, and other elites; Fall of Constantinople sends Greek scholars west","Spread of humanism across Europe (Northern Renaissance); New artistic techniques (perspective, oil painting); Secular political thought (Machiavelli); Foundation for Scientific Revolution",Renaissance = Rebirth of classical learning in wealthy Italian cities,Viault Ch.2; CED,high
u1-002,c. 1350–1550,1350,1550,range,Humanism,movement,1,1.2,Italy; France; Britain; German States; Netherlands,intellectual,CID,1,"Intellectual movement emphasizing study of classical Greek and Latin texts, human potential, rhetoric, and civic virtue — the educational philosophy of the Renaissance.","Core AP concept: humanism is the intellectual engine of the Renaissance, influencing education, politics, religion (Christian humanism), and art. Essential for LEQ/DBQ on intellectual developments.",Rediscovery of classical manuscripts; Petrarch's promotion of Latin literary study; Urban wealth supporting scholarly pursuits,"Educational reform emphasizing classical languages; Civic humanism in Florence; Christian humanism (Erasmus, More); Critical textual analysis (Valla)",Humanism = 'ad fontes' (back to sources) + human potential,Viault Ch.2-3; CED,high
u1-003,1469,1469,1469,exact,Marriage of Ferdinand and Isabella,event,1,1.3,Spain,political,SOP,2,"Ferdinand of Aragon marries Isabella of Castile, uniting Spain's two largest kingdoms and creating the basis for Spanish new monarchy.","Key example of new monarchy/state-building: religious unity (Inquisition, expulsion of Jews/Moors), centralized administration, and sponsorship of exploration.",Strategic dynastic alliance; Desire to consolidate Iberian Christian kingdoms,Spanish Inquisition established; Reconquista completed (1492); Sponsorship of Columbus; Expulsion of Jews (1492),1469: Ferdinand + Isabella = unified Spain,Viault Ch.1,high
u1-004,1492,1492,1492,exact,Reconquista Completed / Columbus's Voyage,event,1,1.4,Spain,imperial; war-diplomacy; religion,INT; SOP,1,"Spain conquers Granada (last Muslim state in Iberia), expels Jews, and Columbus reaches the Americas — three transformative events in one year.","1492 is a watershed year: ends the Reconquista, begins European global expansion, launches the Columbian Exchange. Essential for any essay on exploration, imperialism, or European interaction with the world.",Ferdinand and Isabella's consolidation of Spain; Desire for direct trade routes to Asia; Ottoman control of eastern Mediterranean,Columbian Exchange; Spanish colonial empire; Atlantic slave trade; Treaty of Tordesillas (1494); Destruction of Aztec and Inca empires,"1492: Granada falls, Jews expelled, Columbus sails — Spain goes global","Viault Ch.1,6; CED",high
u1-005,1494,1494,1494,exact,Treaty of Tordesillas,treaty,1,1.4,Spain; Portugal,imperial; war-diplomacy,INT; SOP,2,"Spain and Portugal divide the non-Christian world between them along a meridian line, with papal approval.","Shows European assumption of right to divide the globe, and the role of the papacy in legitimizing imperial claims. Sets up Spanish vs. Portuguese colonial empires.",Columbus's voyages; Competition between Spain and Portugal,Portugal gets Brazil and eastern route; Spain gets most of Americas; Precedent for European partition of the world,"Tordesillas: Pope draws a line, splits the world in two",CED; Viault Ch.6,high
u1-006,c. 1500–1650,1500,1650,range,Columbian Exchange,process,1,1.4,Spain; Portugal; France; Britain; Netherlands,economic; social; imperial,INT; ECON; SOD,1,"Transfer of plants, animals, diseases, people, and ideas between the Americas, Europe, and Africa following Columbus's voyages.","Fundamental AP concept: transforms global demographics, introduces new crops (potato, maize) that reshape European diet and population growth, while devastating indigenous populations through disease.",European exploration and colonization; Biological exchange across previously separate ecosystems,Population growth in Europe from New World crops; Devastation of indigenous American populations; Atlantic slave trade; Price Revolution in Europe; Spread of Christianity,"Columbian Exchange = crops, diseases, and people cross the Atlantic both ways",CED,high
u1-007,c. 1500–1700,1500,1700,range,Price Revolution,process,1,1.5,Spain; France; Britain; German States; Netherlands,economic,ECON,2,"Sustained inflation across Europe driven by influx of New World silver and gold combined with population growth, transforming economic relations.","Explains economic dislocation, declining real wages for laborers, enrichment of merchants, and strain on fixed-income nobility — connects exploration to social change.",Influx of New World precious metals; Population recovery after Black Death,"Enrichment of merchant class; Strain on fixed-income groups (nobility, wage earners); Growth of commercial capitalism; Contributed to social unrest","New World silver → prices rise → merchants win, nobles lose",CED; Viault Ch.6,high
u1-008,c. 1450–1700,1450,1700,range,Commercial Revolution,process,1,1.5,Italy; Netherlands; Britain; France; Spain; Portugal,economic,ECON,1,"Expansion of trade, banking, joint-stock companies, mercantilism, and proto-capitalist practices that transform the European economy from feudal to commercial.","Essential AP process: explains rise of merchant class, joint-stock companies, mercantilism, and the economic foundation for state power, exploration, and later industrialization.","Revival of long-distance trade; New World wealth; Growth of banking (Medici, Fuggers); Printing press facilitating commercial communication",Rise of bourgeoisie; Joint-stock companies (Dutch East India Co.); Mercantilism as state economic policy; Roots of capitalism,"Commercial Revolution = trade, banks, joint-stocks, mercantilism",CED; Viault Ch.6,high
u1-009,c. 1456,1456,1456,approximate,Gutenberg Printing Press,event,1,1.2,German States,scientific; intellectual,TSI; CID,1,"Johannes Gutenberg produces his Bible using movable metal type, revolutionizing the dissemination of knowledge across Europe.","Perhaps the single most important technological innovation for AP Euro: enables the Reformation, Scientific Revolution, Enlightenment, and mass literacy. Usable as evidence in almost any essay.",Existing demand for books; Chinese/Korean precedents for printing; Gutenberg's mechanical innovation,Rapid spread of Renaissance humanism; Luther's ideas disseminated quickly; Standardization of languages; Growth of literacy and public sphere,Gutenberg's press = Renaissance & Reformation's megaphone,Viault Ch.3; CED,high
u1-010,c. 1450–1600,1450,1600,range,Age of Exploration,process,1,1.4,Portugal; Spain; France; Britain; Netherlands,imperial; economic,INT; ECON; TSI,1,"European maritime exploration driven by the search for trade routes, wealth, and Christian converts, leading to global European empires.","Defines AP Theme INT (Interaction of Europe and the World). Connects to state-building, mercantilism, the Columbian Exchange, and the Atlantic world system.","Ottoman control of overland trade routes; New navigation technology (compass, astrolabe, caravel); Desire for gold, spices, and Christian expansion; Portuguese school of navigation (Henry the Navigator)",European colonial empires; Columbian Exchange; Atlantic slave trade; Commercial Revolution; Global trade networks,"Gold, God, Glory = three motives for exploration",CED; Viault Ch.6,high
u1-011,1434,1434,1434,exact,Cosimo de' Medici Rules Florence,event,1,1.2,Italy,political; artistic,SOP; CID,2,"Cosimo de' Medici becomes effective ruler of Florence, making it the leading center of Renaissance patronage and culture.","The Medici exemplify how wealth, banking, and patronage drove the Renaissance — key evidence for essays on the relationship between economics and culture.",Medici banking wealth; Florentine oligarchic politics,Florence becomes the center of Renaissance art and learning; Patronage model shapes European culture; Medici dynasty continues through Lorenzo the Magnificent,Cosimo = Medici money → Florence's golden age,Viault Ch.2,high
u1-012,1513,1513,1513,exact,Machiavelli Writes The Prince,work,1,1.2,Italy,intellectual; political,CID; SOP,1,"Niccolò Machiavelli's The Prince advocates secular, amoral political realism — the ruler should do whatever necessary to maintain power.","Essential AP text: defines secular political thought, breaks from Christian morality in politics, and introduces 'the ends justify the means.' Usable in essays on state-building, secularism, and political theory.",Instability of Italian city-states; Machiavelli's experience in Florentine politics; Influence of classical political thought,Foundation of modern political science; Influenced later absolutist theory; Concept of raison d'état,Machiavelli: 'It is better to be feared than loved' (The Prince),Viault Ch.2; CED,high
u1-013,1508–1512,1508,1512,range,Michelangelo Paints Sistine Chapel Ceiling,work,1,1.2,Italy,artistic,CID,2,"Michelangelo paints the ceiling of the Sistine Chapel with scenes from Genesis, representing the pinnacle of Renaissance artistic achievement.","Iconic example of Renaissance art's fusion of classical technique with religious subject matter, papal patronage, and individual genius.",Commission by Pope Julius II; Michelangelo's artistic genius; Renaissance emphasis on individual achievement,Set standard for monumental painting; Demonstrated potential of individual artistic vision; Influenced all subsequent Western art,Michelangelo: 4 years on his back = Sistine ceiling,Viault Ch.2,high
u1-014,1516,1516,1516,exact,Thomas More Publishes Utopia,work,1,1.2,Britain,intellectual,CID,2,"More's Utopia describes an ideal society based on reason and tolerance, critiquing contemporary European social, political, and religious problems.",Exemplifies Christian humanism and Northern Renaissance idealism; early critique of private property and social inequality.,Northern Renaissance humanism; More's legal and political experience; Influence of Erasmus,Influenced later utopian and socialist thought; Model for social criticism through literature,Utopia = 'no place' — More's ideal society as critique of reality,Viault Ch.3,high
u1-015,1519–1556,1519,1556,range,Reign of Charles V,period,1,1.3,Spain; German States; Austria; Netherlands; Italy,political; war-diplomacy,SOP,1,"Habsburg emperor rules Spain, the Holy Roman Empire, Netherlands, and vast New World territories — the last attempt at universal Christian monarchy in Europe.","Charles V's empire is central to understanding state-building, the Reformation (Diet of Worms), Habsburg-Valois rivalry, and the impossibility of European political unity.",Habsburg dynastic marriages; Inheritance of Spanish and Austrian domains,Wars with France over Italy; Unable to suppress Lutheranism; Peace of Augsburg (1555); Division of Habsburg lands (Spanish and Austrian branches),"Charles V: too many enemies, too big an empire, abdicates exhausted","Viault Ch.1,4; CED",high
u1-016,c. 1500–1600,1500,1600,range,Atlantic Slave Trade Begins,process,1,1.4,Portugal; Spain; Britain; France; Netherlands,imperial; social; economic,INT; SOD; ECON,1,"Europeans begin systematic enslavement and transport of Africans to the Americas, creating the transatlantic slave economy that lasts until the 19th century.","Central to AP Theme INT; demonstrates intersection of racism, capitalism, imperialism, and human suffering. Essential evidence for any essay on European global interaction.",Labor demand in New World plantations; Indigenous population decline from disease; Existing African slave trade networks; European racial ideology developing,Millions of Africans enslaved; Triangular trade system; Enrichment of European economies; Lasting racial hierarchies and inequality,Triangular trade: Europe → Africa (goods) → Americas (slaves) → Europe (sugar/tobacco),CED,high
u1-017,c. 1450–1600,1450,1600,range,New Monarchies,process,1,1.3,France; Britain; Spain,political,SOP,1,"Centralized national monarchies emerge in France, England, and Spain, consolidating royal power over nobility, church, and representative assemblies.",Core AP state-building concept: new monarchies establish the pattern of centralized power that evolves into absolutism. Connects to every unit's SOP theme.,Decline of feudalism after Hundred Years' War and Black Death; Gunpowder weapons reduce noble military power; Royal taxation and bureaucracy,Professional armies and bureaucracies; Decline of feudal nobility's independent power; Precedent for absolutism; State control over national churches,"New Monarchies: Henry VII, Louis XI, Ferdinand & Isabella — kings beat nobles",Viault Ch.1; CED,high
u1-018,1512,1512,1512,exact,Erasmus Publishes Praise of Folly,work,1,1.2,Netherlands,intellectual; religion,CID,2,"Erasmus satirizes church corruption, superstition, and ignorance while advocating reform from within — the quintessential Christian humanist text.",Erasmus exemplifies Christian humanism: critical of the church but opposed to Protestant schism. Key for understanding the intellectual climate that made the Reformation possible.,Northern Renaissance Christian humanism; Erasmus's classical education; Widespread awareness of church abuses,Helped create intellectual climate for Reformation; Modeled scholarly criticism of institutions; Influenced Protestant reformers even though Erasmus remained Catholic,"Erasmus: 'Prince of Humanists' — mocked the church, stayed Catholic",Viault Ch.3; CED,high
u1-019,1518,1518,1518,exact,Castiglione Writes The Book of the Courtier,work,1,1.2,Italy,intellectual; social,CID; SOD,3,"Castiglione defines the ideal Renaissance gentleman: educated in classics, skilled in arms, graceful in manner — a guide to courtly behavior.",Defines Renaissance social ideals of the well-rounded individual and becomes a model for European aristocratic education for centuries.,Renaissance emphasis on individual achievement; Courtly culture in Italian city-states,Influenced European aristocratic education; Spread Renaissance ideals beyond Italy; Model of the 'Renaissance man',Castiglione: the original self-help book for Renaissance gentlemen,Viault Ch.2,high
u1-020,c. 1450–1600,1450,1600,range,Northern Renaissance,process,1,1.2,Netherlands; German States; France; Britain; Spain,artistic; intellectual,CID,1,"Spread of Renaissance culture north of the Alps, characterized by Christian humanism (Erasmus, More) and distinctive artistic traditions (van Eyck, Dürer, Brueghel).","Shows how Renaissance ideas adapted to different national contexts, with stronger religious emphasis than in Italy. Key comparison opportunity.",Printing press spreads Italian ideas; Trade connections between Italy and Northern Europe; Patronage by northern monarchs and merchants,"Christian humanism provides intellectual foundation for Reformation; Vernacular literature flourishes (Shakespeare, Cervantes, Rabelais); Distinctive artistic traditions (Flemish oil painting, German printmaking)",Northern Renaissance = Christian humanism + oil painting + printing press,Viault Ch.3; CED,high
u1-021,c. 1520s–1540s,1520,1545,range,Conquest of Aztec and Inca Empires,event,1,1.4,Spain,imperial; war-diplomacy,INT,2,"Spanish conquistadors Cortés and Pizarro destroy the Aztec (1521) and Inca (1533) empires, establishing Spanish colonial rule in the Americas.",Demonstrates the devastating impact of European expansion on indigenous civilizations and the establishment of colonial extraction economies.,"Spanish desire for gold and glory; Technological advantages (guns, steel, horses); Diseases devastating indigenous populations; Indigenous political divisions exploited by Spanish",Destruction of indigenous civilizations; Spanish colonial empire in Americas; Flow of silver and gold to Europe; Columbian Exchange intensifies,Cortés (Aztecs 1521) + Pizarro (Incas 1533) = Spanish conquest,CED; Viault Ch.6,high
u2-001,1517,1517,1517,exact,Luther Posts the 95 Theses,event,2,2.1,German States,religion,CID; SOP,1,"Martin Luther posts his 95 Theses in Wittenberg, challenging the sale of indulgences and igniting the Protestant Reformation.","One of the most important dates in AP Euro: begins the Reformation, which shatters religious unity, reshapes politics, causes wars, and transforms European culture for centuries.",Sale of indulgences to fund St. Peter's basilica; Luther's theology of justification by faith alone; Long-standing grievances against papal authority and church corruption; Printing press enables rapid dissemination,Protestant Reformation begins; Lutheranism spreads across northern Germany and Scandinavia; Diet of Worms (1521); Religious wars; Counter-Reformation,1517: Luther's 95 Theses — the Reformation's starting gun,Viault Ch.4; CED,high
u2-002,1521,1521,1521,exact,Diet of Worms,event,2,2.1,German States,religion; political,CID; SOP,1,"Luther refuses to recant before Emperor Charles V, declaring 'Here I stand.' He is declared an outlaw but protected by Frederick of Saxony.",Shows the intersection of religion and politics: German princes protect Luther for both religious conviction and political advantage against imperial authority.,Luther's refusal to recant; Charles V's desire to maintain Catholic unity; German princes' political interests,Luther protected by German princes; Reformation becomes a political as well as religious movement; Luther begins building Lutheran church organization,"'Here I stand, I can do no other' — Luther at Worms",Viault Ch.4; CED,high
u2-003,1524–1525,1524,1525,range,German Peasants' War,war,2,2.1,German States,social; religion,SOD; CID,2,"German peasants revolt, invoking Luther's ideas of Christian liberty, but Luther condemns the uprising and sides with the princes.","Shows how Reformation ideas could inspire social revolution, but also how Luther's conservatism limited the Reformation's radical potential — key complexity point.",Peasant grievances against serfdom and noble exploitation; Misinterpretation of Luther's 'freedom of a Christian'; Long-standing rural discontent,"Brutal suppression — ~100,000 peasants killed; Luther's alliance with German princes solidified; Reformation becomes a conservative, state-directed movement; Anabaptists emerge as radical alternative",Peasants: 'Luther said we're free!' Luther: 'Not like that!',Viault Ch.4; CED,high
u2-004,1536,1536,1536,exact,Calvin Publishes Institutes of the Christian Religion,work,2,2.2,France; Switzerland,religion; intellectual,CID,1,"John Calvin's systematic theology emphasizing predestination, the elect, and theocratic governance becomes the most influential Protestant theology internationally.","Calvinism spreads far more widely than Lutheranism: to France (Huguenots), Netherlands, Scotland (Presbyterians), England (Puritans), and shapes political resistance theory.",Calvin's legal and humanist education; Influence of Luther and Zwingli; Desire for systematic Protestant theology,Geneva becomes 'Protestant Rome'; Calvinism spreads across Europe; Huguenots in France; Puritans in England; Reformed churches in Netherlands and Scotland; Calvinist resistance theory influences political thought,Calvin: predestination + theocracy in Geneva → Calvinism goes global,Viault Ch.4; CED,high
u2-005,1534,1534,1534,exact,Act of Supremacy (English Reformation),event,2,2.3,Britain,religion; political,SOP; CID,1,"Parliament declares Henry VIII the Supreme Head of the Church of England, breaking from papal authority — a political rather than theological reformation.","Unique Reformation: driven primarily by royal politics (Henry's divorce), not theology. Creates the Anglican Church, confiscates monasteries, and sets up centuries of English religious conflict.",Henry VIII's desire to annul marriage to Catherine of Aragon; Pope Clement VII's refusal (under Habsburg pressure); Influence of Thomas Cromwell and Thomas Cranmer,Church of England established; Dissolution of the monasteries; Crown acquires church wealth; Religious instability through Tudor era,"Henry VIII: wanted a divorce, got a church",Viault Ch.4; CED,high
u2-006,1559,1559,1559,exact,Elizabethan Settlement,event,2,2.3,Britain,religion; political,SOP; CID,2,Elizabeth I establishes a moderate Protestant settlement: Act of Supremacy and Act of Uniformity create a 'via media' (middle way) for the Church of England.,"Elizabethan Settlement is AP's model of pragmatic religious compromise — but it satisfies neither Puritans nor Catholics, setting up future conflict.",Religious instability under Edward VI and Mary I; Elizabeth's pragmatic temperament; Need for political stability,Church of England broadly Protestant but retains some Catholic forms; Puritans demand further reform; Catholics face increasing persecution; Relative religious peace during Elizabeth's reign,Elizabeth's 'via media' = middle way between Catholic and Calvinist,Viault Ch.4; CED,high
u2-007,1562–1598,1562,1598,range,French Wars of Religion,war,2,2.4,France,war-diplomacy; religion; political,SOP; CID,1,"Decades of civil war between Catholic and Huguenot (Calvinist) factions, featuring massacres, foreign intervention, and political chaos.",Key example of how religious division causes political violence. The Wars of Religion end with the Edict of Nantes — a landmark in the history of religious toleration.,"Spread of Calvinism among French nobility; Weak Valois monarchs; Catholic Guise family vs. Huguenot Bourbon family; Foreign intervention (Spain, England)","St. Bartholomew's Day Massacre (1572); Henry IV converts to Catholicism; Edict of Nantes (1598); France exhausted, later recovers under Bourbon dynasty","French Wars of Religion: 36 years, 8 wars, one massacre everyone remembers",Viault Ch.5; CED,high
u2-008,1572,1572,1572,exact,St. Bartholomew's Day Massacre,event,2,2.4,France,religion; war-diplomacy,CID; SOP,1,"Catholic mobs massacre thousands of Huguenots in Paris and across France on the feast of St. Bartholomew, with royal complicity.",Most notorious act of religious violence in AP Euro. Demonstrates the lethal consequences of religious intolerance and political manipulation of religious hatred.,Catholic fear of Huguenot political influence; Catherine de' Medici's political calculations; Failed assassination attempt on Coligny,"~10,000-30,000 Huguenots killed; International Protestant outrage; Calvinist resistance theory develops; Wars of Religion intensify","St. Bartholomew's Day 1572: bells ring, blood flows",Viault Ch.5; CED,high
u2-009,1598,1598,1598,exact,Edict of Nantes,event,2,2.4,France,religion; political,SOP; CID,1,"Henry IV grants Huguenots limited religious freedom, political rights, and fortified cities — the first major attempt at legal religious toleration in a Catholic country.",Landmark in the history of toleration. Its later revocation by Louis XIV (1685) is equally important as an act of absolutist intolerance.,Exhaustion from Wars of Religion; Henry IV's pragmatism ('Paris is worth a Mass'); Need for political stability,Relative religious peace in France; Huguenots gain protected status; Precedent for toleration (limited); Revoked by Louis XIV in 1685 — Huguenots flee France,Henry IV: 'Paris is worth a Mass' → Edict of Nantes = peace,Viault Ch.5; CED,high
u2-010,1555,1555,1555,exact,Peace of Augsburg,treaty,2,2.1,German States,religion; political,SOP; CID,1,"Treaty establishing the principle of cuius regio, eius religio — each German prince determines whether his territory is Lutheran or Catholic.",First legal recognition of religious division in Europe. Does NOT include Calvinists — this omission contributes to the Thirty Years' War.,Charles V's inability to suppress Lutheranism; Military stalemate between Catholic and Protestant princes,Religious division institutionalized in Germany; Calvinism excluded → future conflict; Precedent for territorial sovereignty in religion; Charles V abdicates in disgust,"Augsburg 1555: cuius regio, eius religio (whose realm, his religion)",Viault Ch.4; CED,high
u2-011,1618–1648,1618,1648,range,Thirty Years' War,war,2,2.5,German States; France; Spain; Sweden; Austria; Netherlands,war-diplomacy; religion; political,SOP; CID,1,"Devastating war beginning as religious conflict in the Holy Roman Empire and evolving into a struggle for European political dominance, killing up to 8 million.",The last major European religious war and the defining event for the transition from religious to secular politics. Peace of Westphalia establishes the modern state system.,Defenestration of Prague (1618); Religious tensions (Calvinists excluded from Augsburg); Habsburg vs. anti-Habsburg political rivalries; French intervention under Richelieu (Catholic France supports Protestants against Habsburgs),Peace of Westphalia (1648); Modern state sovereignty established; Germany devastated — population decline ~25-40%; France emerges as dominant European power; End of Habsburg bid for European supremacy,"30 Years' War: started religious, ended political. Westphalia = modern state system",Viault Ch.5; CED,high
u2-012,1648,1648,1648,exact,Peace of Westphalia,treaty,2,2.5,German States; France; Spain; Sweden; Netherlands,war-diplomacy; political,SOP,1,"Treaties ending the Thirty Years' War, establishing state sovereignty, extending religious toleration to Calvinists, and recognizing Dutch independence.","Watershed moment in AP Euro: establishes the modern concept of sovereign nation-states, ends religious wars as a primary cause of European conflict, and marks the beginning of the modern international system.",Exhaustion from Thirty Years' War; Desire for political stability; Balance-of-power considerations,Sovereignty of over 300 German states recognized; Calvinism legally recognized; Dutch Republic independent; Swiss independence confirmed; France gains territory; Habsburg power weakened; Modern international system born,1648 Westphalia: birth certificate of the modern state system,Viault Ch.5; CED,high
u2-013,1545–1563,1545,1563,range,Council of Trent,event,2,2.6,Italy,religion,CID; SOP,1,"Catholic Church council reaffirms core Catholic doctrines, rejects Protestant theology, and enacts reforms addressing abuses like simony and absenteeism.",Defines the Catholic/Counter-Reformation: doctrinal clarity + internal reform + militant defense of Catholicism. Essential for any essay comparing Protestant and Catholic responses.,Protestant Reformation threatens Catholic Church; Demands for internal reform; Pope Paul III's reforming papacy,"Catholic doctrine clearly defined vs. Protestantism; Reforms: end of indulgence sales, seminary education required; Strengthened papal authority; Energized Catholic missionary and educational efforts","Trent: reaffirm doctrine, reform abuses, reject Protestantism",Viault Ch.5; CED,high
u2-014,1540,1540,1540,exact,Jesuits Founded (Society of Jesus),event,2,2.6,Spain; Italy,religion; intellectual,CID; SOP,1,"Ignatius Loyola's Society of Jesus receives papal approval; Jesuits become the Catholic Church's most effective agents of education, missions, and counter-reformation.","Jesuits are central to the Catholic Reformation: they recover Poland and parts of Germany for Catholicism, establish global missions, and create an elite educational network.",Ignatius Loyola's conversion experience; Need for organized response to Protestantism; Military-style discipline and education,"Catholic recovery in Poland, Bavaria, southern Germany; Global Jesuit missions (Asia, Americas, Africa); Jesuit schools become Europe's premier educational institutions; Influence on Catholic intellectual life","Jesuits: soldiers of God — education, missions, counter-reformation",Viault Ch.5; CED,high
u2-015,1568–1648,1568,1648,range,Dutch Revolt,war,2,2.4,Netherlands; Spain,war-diplomacy; religion; political; economic,SOP; CID; ECON,1,"The Netherlands revolt against Spanish Habsburg rule, driven by Calvinist religion, economic grievances, and local political traditions, ultimately achieving independence.","Multi-causal conflict: religion, economics, nationalism, constitutionalism. The Dutch Republic becomes Europe's leading commercial power and a model of religious toleration.",Philip II's attempt to enforce Catholicism; Spanish taxation and centralization; Calvinist religious conviction; Tradition of local self-governance,Dutch Republic established (recognized 1648); Dutch Golden Age of commerce and culture; Model of religious toleration; Dutch colonial empire; William of Orange becomes national hero,Dutch Revolt: religion + taxes + local rights vs. Spain = independence,Viault Ch.5; CED,high
u2-016,1588,1588,1588,exact,Defeat of the Spanish Armada,event,2,2.4,Britain; Spain,war-diplomacy,SOP; INT,2,"English navy and storms destroy Philip II's invasion fleet, securing English independence and Protestant identity.",Marks the beginning of English naval power and the decline of Spanish dominance. Strengthens English Protestant identity and national confidence.,Philip II's desire to restore Catholicism in England; English support for Dutch rebels; Drake's raids on Spanish shipping; Elizabeth I's refusal to marry Philip,English naval power established; Spanish decline begins; Protestant England secured; English confidence and nationalism surge,"1588: Armada sinks, England rises",Viault Ch.5; CED,high
u3-001,1643–1715,1643,1715,range,Reign of Louis XIV,period,3,3.2,France,political,SOP,1,"The 'Sun King' creates the model of absolute monarchy: Versailles, divine right, centralized administration, mercantilism under Colbert, and aggressive foreign policy.","Louis XIV is THE example of absolutism on the AP exam. Everything about his reign — Versailles, revocation of Edict of Nantes, wars, Colbert's mercantilism — is essential.",French Wars of Religion and Thirty Years' War exhaustion create desire for order; Richelieu and Mazarin's centralization groundwork; Fronde rebellion (1648-53) convinces Louis to control nobility,Versailles palace controls nobility; Revocation of Edict of Nantes (1685); Wars of expansion (drain treasury); France as dominant European power; Model for other absolute monarchs,"Louis XIV: 'L'état, c'est moi' — the Sun King at Versailles",Viault Ch.8; CED,high
u3-002,1685,1685,1685,exact,Revocation of the Edict of Nantes,event,3,3.2,France,religion; political,SOP; CID,1,"Louis XIV revokes Huguenot protections, forcing conversion or exile — ~200,000 Huguenots flee France, taking skills and capital to rival nations.","Perfect example of absolutist intolerance. Brain drain weakens France economically while strengthening Protestant rivals (Prussia, Netherlands, England).",Louis XIV's desire for religious uniformity; Divine-right absolutism demands one faith; Gradual erosion of Huguenot rights,"~200,000 Huguenots flee France; Economic harm to France (loss of skilled workers); Strengthens Protestant economies (Prussia, Netherlands); International Protestant outrage",1685: Louis revokes Nantes → Huguenots flee → France loses,Viault Ch.8; CED,high
u3-003,c. 1600–1700,1600,1700,range,Dutch Golden Age,period,3,3.3,Netherlands,economic; artistic; political,ECON; CID; SOP,1,"The Dutch Republic becomes Europe's leading commercial, financial, and cultural power, with religious toleration, republican government, and global trade networks.","The Dutch Republic is AP Euro's primary example of constitutionalism as an alternative to absolutism, combined with commercial prosperity and cultural achievement.","Independence from Spain; Geographic advantage for trade; Religious toleration attracts talent; Joint-stock companies (VOC, WIC)","Amsterdam becomes Europe's financial center; Dutch East India Company (VOC) dominates Asian trade; Rembrandt, Vermeer lead artistic golden age; Model of republican governance and toleration","Dutch Golden Age: trade, tolerance, tulips, and Rembrandt",CED; Viault Ch.6,high
u3-004,1628,1628,1628,exact,Petition of Right,event,3,3.4,Britain,political,SOP,2,"English Parliament forces Charles I to accept limits on royal power: no taxation without parliamentary consent, no arbitrary imprisonment, no martial law in peacetime.",Key step in English constitutionalism — Parliament asserts rights that will be fought over in the Civil War and confirmed in the Glorious Revolution.,Charles I's demands for taxes without parliamentary approval; Conflict over royal prerogative; Legacy of Magna Carta,Charles agrees but later ignores it; Contributes to outbreak of Civil War; Precedent for constitutional limits on monarchy,Petition of Right 1628: Parliament says 'No taxes without our OK',Viault Ch.7; CED,high
u3-005,1642–1651,1642,1651,range,English Civil War,war,3,3.4,Britain,war-diplomacy; political; religion,SOP; CID,1,"War between royalist Cavaliers and parliamentary Roundheads over royal authority, parliamentary rights, and religion, ending with execution of Charles I.","Central to AP constitutionalism theme: Parliament defeats the king, establishing (temporarily) a republic. The execution of a king shocks Europe and foreshadows the French Revolution.",Charles I's personal rule (1629-1640); Religious conflict (Anglicanism vs. Puritanism); Scottish rebellion; Ship money controversy; Long Parliament's demands,Charles I executed (1649); Commonwealth established under Cromwell; Temporary republican experiment; Precedent for revolution against tyranny; Restoration of monarchy (1660),"English Civil War: Roundheads beat Cavaliers, king loses his head",Viault Ch.7; CED,high
u3-006,1649–1660,1649,1660,range,English Commonwealth and Protectorate,period,3,3.4,Britain,political,SOP,2,"England experiments with republican government under Cromwell, who eventually rules as Lord Protector — effectively a military dictatorship.",Shows that revolution can lead to authoritarianism. Cromwell's rule illustrates the difficulty of creating stable non-monarchical government in early modern Europe.,Execution of Charles I; Parliamentary factions unable to govern; Cromwell's military dominance,Puritan social legislation; Conquest of Ireland and Scotland; Navigation Acts (mercantilist trade policy); Restoration of monarchy after Cromwell's death,"Cromwell: killed the king, became a king in all but name",Viault Ch.7; CED,high
u3-007,1688–1689,1688,1689,range,Glorious Revolution,event,3,3.4,Britain,political,SOP,1,"Parliament deposes Catholic James II and invites Protestant William and Mary to rule, establishing constitutional monarchy and parliamentary supremacy.","THE defining event for English constitutionalism. English Bill of Rights (1689) establishes parliamentary sovereignty, religious toleration, and limits on royal power. Directly influences Locke, the American and French Revolutions.",James II's Catholic policies and authoritarian rule; Birth of a Catholic heir; Protestant fears of Catholic dynasty; Invitation to William of Orange,English Bill of Rights (1689); Toleration Act (1689); Parliamentary sovereignty established; Constitutional monarchy model; Locke's Two Treatises justifies the revolution,"1688-89: Glorious Revolution = bloodless, Bill of Rights, Parliament wins",Viault Ch.7; CED,high
u3-008,1682–1725,1682,1725,range,Reign of Peter the Great,period,3,3.5,Russia,political; social,SOP; SOD,1,"Peter I westernizes and modernizes Russia through forced reforms: new capital (St. Petersburg), Western technology, bureaucratic centralization, and expansion to the Baltic.",Key example of absolutism outside Western Europe. Peter's reforms show both the power and limits of top-down modernization. Essential comparison with Louis XIV.,Russia's backwardness compared to Western Europe; Peter's personal exposure to Western Europe (Grand Embassy); Desire for warm-water ports and military power,Russia becomes a European great power; St. Petersburg built as 'window to the West'; Westernization of Russian elite (forced); Serfdom strengthened to fund modernization; Great Northern War victory over Sweden,"Peter the Great: shaved beards, built St. Petersburg, beat Sweden",Viault Ch.9; CED,high
u3-009,1762–1796,1762,1796,range,Reign of Catherine the Great,period,3,3.5,Russia,political; intellectual,SOP; CID,1,"Catherine II corresponds with Enlightenment philosophes but governs as an autocrat, expanding serfdom, partitioning Poland, and expanding Russian territory.",THE example of 'enlightened absolutism' — rulers use Enlightenment rhetoric to legitimize state power without truly liberalizing. Key comparison with Frederick II and Joseph II.,Enlightenment ideas reaching Russian elite; Catherine's German education and intellectual interests; Need to maintain noble support,Charter of the Nobility (1785) strengthens serfdom; Pugachev's Rebellion (1773-75) crushed; Partitions of Poland; Russia expands to Black Sea; Enlightened rhetoric without real reform,"Catherine: talked Enlightenment, walked autocracy",Viault Ch.9; CED,high
u3-010,c. 1600–1800,1600,1800,range,Mercantilism,process,3,3.2,France; Britain; Spain; Netherlands,economic; political,ECON; SOP,1,"Economic theory and practice in which the state actively manages trade, accumulates bullion, maintains favorable balance of trade, and uses colonies for raw materials.","Central AP economic concept: explains state-directed economies, colonial exploitation, Navigation Acts, Colbert's policies, and the later laissez-faire reaction (Adam Smith).",Need to finance absolutist states and armies; Competition among European powers; Colonial empires providing raw materials,State regulation of trade and industry; Colonial exploitation; Navigation Acts in England; Colbert's policies in France; Eventually provokes laissez-faire reaction,"Mercantilism: gold is wealth, exports > imports, colonies serve the mother country","CED; Viault Ch.6,8",high
u4-001,1543–1700,1543,1700,range,Scientific Revolution,process,4,4.1,Italy; Britain; German States; France; Netherlands,scientific; intellectual,TSI; CID,1,"Fundamental transformation in understanding of the natural world through observation, experimentation, and mathematical reasoning, replacing Aristotelian and Ptolemaic frameworks.","Foundational AP process: challenges traditional authority (church, Aristotle), establishes empiricism and reason as ways of knowing, and leads directly to the Enlightenment.","Renaissance recovery of classical texts; Humanist emphasis on observation; New instruments (telescope, microscope); Printing press disseminates new ideas; Patronage of scientific inquiry",New understanding of the cosmos (heliocentrism); Scientific method established; Royal scientific societies founded; Challenge to church authority; Foundation for Enlightenment rationalism,"Scientific Revolution: Copernicus starts it, Newton finishes it",Viault Ch.11; CED,high
u4-002,1543,1543,1543,exact,Copernicus Publishes De Revolutionibus,work,4,4.1,German States,scientific,TSI; CID,1,"Nicolaus Copernicus proposes the heliocentric model of the solar system, challenging the Ptolemaic geocentric view held for over 1,400 years.","Begins the Scientific Revolution by challenging accepted authority. Published on his deathbed — initially limited impact, but sets up Galileo's later conflict with the Church.",Mathematical problems with Ptolemaic model; Renaissance interest in classical alternatives; Copernicus's astronomical observations,"Heliocentric theory proposed; Challenge to Aristotelian/Ptolemaic authority; Church initially tolerant, later hostile; Galileo, Kepler build on Copernicus",1543: Copernicus says Earth moves — the cosmos is rearranged,Viault Ch.11; CED,high
u4-003,1609–1619,1609,1619,range,Kepler's Laws of Planetary Motion,work,4,4.1,German States,scientific,TSI,2,"Johannes Kepler demonstrates that planets move in elliptical orbits, providing mathematical proof for the Copernican model and laying groundwork for Newton.",Bridges Copernicus and Newton: replaces circular orbits with elliptical ones and introduces mathematical laws governing celestial mechanics.,Tycho Brahe's precise observational data; Copernican heliocentric model; Kepler's mathematical genius,Elliptical orbits replace circular orbits; Mathematical laws describe planetary motion; Foundation for Newton's gravitational theory,"Kepler: planets travel in ellipses, not circles",Viault Ch.11; CED,high
u4-004,1610–1633,1610,1633,range,Galileo's Discoveries and Trial,event,4,4.1,Italy,scientific; religion,TSI; CID,1,"Galileo uses the telescope to confirm Copernican theory, publishes findings, and is tried by the Inquisition, forced to recant heliocentrism.",THE example of science vs. church authority in AP Euro. Galileo's trial symbolizes the tension between empirical evidence and institutional dogma.,"Galileo's telescopic observations (moons of Jupiter, phases of Venus); Church defense of geocentric model; Galileo's provocative writing style","Heliocentrism gains evidential support; Church condemns heliocentrism (1616, 1633); Galileo under house arrest; Science-religion conflict becomes a theme in European thought","Galileo: 'And yet it moves' (probably apocryphal, but captures the point)",Viault Ch.11; CED,high
u4-005,1687,1687,1687,exact,Newton Publishes Principia Mathematica,work,4,4.1,Britain,scientific,TSI; CID,1,"Isaac Newton publishes his laws of motion and universal gravitation, providing a unified mathematical framework explaining terrestrial and celestial mechanics.","Culmination of the Scientific Revolution. Newton's mechanistic universe becomes the model for Enlightenment thinkers who seek similar 'natural laws' in society, politics, and economics.","Work of Copernicus, Kepler, Galileo; Development of calculus; Newton's mathematical genius",Unified physics: same laws govern Earth and heavens; Mechanistic worldview dominates 18th-century thought; Inspires Enlightenment search for natural laws in society; Deism emerges (God as clockmaker),Newton 1687: gravity + laws of motion = the universe explained mathematically,Viault Ch.11; CED,high
u4-006,c. 1685–1800,1685,1800,range,The Enlightenment,process,4,4.2,France; Britain; German States; Netherlands; Italy,intellectual,CID,1,"Intellectual movement applying reason, natural law, and scientific thinking to politics, society, religion, and economics — seeking progress, liberty, and toleration.","Arguably the most important intellectual movement in AP Euro. Provides the ideological foundation for the French Revolution, liberalism, constitutionalism, human rights, and modern secular society.",Scientific Revolution demonstrates power of reason; Locke's empiricism and political philosophy; Expansion of print culture and literacy; Salon culture and public sphere; Religious toleration debates,"Challenges to absolutism, church authority, and tradition; Ideas of natural rights, social contract, separation of powers; Adam Smith's laissez-faire economics; Enlightened absolutism; French Revolution ideologically grounded in Enlightenment",Enlightenment: reason is king; question everything; progress is possible,Viault Ch.12; CED,high
u4-007,1690,1690,1690,exact,Locke Publishes Two Treatises of Government,work,4,4.2,Britain,intellectual; political,CID; SOP,1,"John Locke argues that government is based on a social contract, people have natural rights (life, liberty, property), and revolution against tyranny is justified.","Single most influential political thinker for AP Euro. Locke's ideas directly influence the American Revolution, French Revolution, and all subsequent liberal political thought.",Glorious Revolution demonstrates peaceful regime change; Rejection of Hobbes's absolutism; Empiricist philosophy applied to politics,"Foundation of liberal political theory; Natural rights doctrine; Social contract theory; Right of revolution; Influences Montesquieu, Jefferson, Declaration of Rights of Man","Locke: life, liberty, property — government by consent, right to revolt",Viault Ch.12; CED,high
u4-008,1748,1748,1748,exact,Montesquieu Publishes The Spirit of the Laws,work,4,4.2,France,intellectual; political,CID; SOP,1,"Baron de Montesquieu argues for separation of powers (executive, legislative, judicial) as the best safeguard against tyranny, drawing on the English model.",Directly influences the U.S. Constitution and revolutionary constitutions in France. Key Enlightenment political text alongside Locke and Rousseau.,Study of English constitutional government; Enlightenment emphasis on rational governance; Desire to prevent absolutist tyranny,Separation of powers becomes constitutional principle; Influences American and French constitutions; Model for checks and balances,Montesquieu: three branches of government keep each other in check,Viault Ch.12; CED,high
u4-009,1762,1762,1762,exact,Rousseau Publishes The Social Contract,work,4,4.2,France; Switzerland,intellectual; political,CID; SOP,1,"Jean-Jacques Rousseau argues that legitimate government rests on the 'general will' of the people; sovereignty belongs to the community, not to a monarch.",Rousseau's 'general will' inspires the most radical phase of the French Revolution. Also foundational for nationalism and democratic theory. Key comparison with Locke.,Enlightenment questioning of absolute authority; Rousseau's unique critique of civilization and inequality; Influence of classical republican ideals,Concept of popular sovereignty; 'General will' used by Jacobins during French Revolution; Foundation for democratic nationalism; Influence on Romanticism (rejection of pure rationalism),"Rousseau: 'Man is born free, and everywhere he is in chains' → general will",Viault Ch.12; CED,high
u4-010,1751–1772,1751,1772,range,Diderot's Encyclopédie Published,work,4,4.2,France,intellectual,CID; TSI,2,"Denis Diderot and d'Alembert compile the Encyclopédie, a massive reference work intended to secularize knowledge, promote reason, and challenge traditional authority.","The Encyclopédie embodies the Enlightenment project: make knowledge accessible, promote rational inquiry, and implicitly critique church and state authority.",Enlightenment emphasis on reason and knowledge; Growing print culture and literacy; Diderot's intellectual ambition,Spread of Enlightenment ideas across Europe; Challenged censorship (repeatedly banned); Model for rational organization of knowledge; Promoted technological and scientific progress,Encyclopédie: Diderot's weapon of mass education,Viault Ch.12; CED,high
u4-011,1776,1776,1776,exact,Adam Smith Publishes The Wealth of Nations,work,4,4.3,Britain,economic; intellectual,ECON; CID,1,"Adam Smith argues for free-market economics, the 'invisible hand,' and laissez-faire — challenging mercantilism and founding classical economics.","Directly challenges mercantilism, supports Industrial Revolution-era capitalism, and provides the economic theory that dominates the 19th century. Key comparison with socialism.",Enlightenment application of reason to economics; Critique of mercantilist restrictions; Observation of emerging market economy,Laissez-faire becomes dominant economic ideology; Free trade advocacy; Challenge to government regulation of economy; Foundation for 19th-century liberalism; Later challenged by socialism,"Adam Smith 1776: invisible hand, free markets, no government meddling",Viault Ch.12; CED,high
u4-012,c. 1700–1800,1700,1800,range,Salons and the Public Sphere,process,4,4.2,France; Britain; German States,social; intellectual,CID; SOD,2,"Salons, coffeehouses, Masonic lodges, and reading societies create spaces for Enlightenment ideas to circulate among educated elites, forming a 'public sphere.'","Shows how Enlightenment ideas spread socially, not just through books. Salons also highlight women's intellectual roles (as salon hostesses) even in a patriarchal society.",Growth of literacy and print culture; Urbanization; Enlightenment emphasis on discussion and debate; Women's exclusion from formal institutions creates alternative spaces,Ideas spread across social barriers; Public opinion becomes a political force; Women participate as salon leaders; Foundation for later civil society,Salons: where Enlightenment ideas met high society (hostesses included),CED,high
u5-001,1789,1789,1789,exact,French Revolution Begins,event,5,5.1,France,political; social,SOP; SOD; CID,1,Financial crisis forces Louis XVI to convene Estates-General; Third Estate breaks away as National Assembly; Bastille stormed on July 14.,THE central event of AP Euro. The Revolution's stages (liberal → radical → authoritarian) provide the template for understanding all subsequent revolutions.,"Enlightenment ideas (Locke, Rousseau, Montesquieu); Financial crisis from wars and extravagance; Social inequality (Three Estates); American Revolution as model; Bad harvests and bread prices",Declaration of Rights of Man (August 1789); Abolition of feudal privileges; Constitutional monarchy attempted; Radicalization → Republic → Terror → Napoleon,"1789: Bastille falls, feudalism abolished, Rights of Man declared",Viault Ch.14; CED,high
u5-002,1789,1789,1789,exact,Declaration of the Rights of Man and Citizen,event,5,5.1,France,political; intellectual,SOP; CID,1,"National Assembly declares universal natural rights: liberty, property, security, resistance to oppression; sovereignty resides in the nation.","Foundation document of modern human rights. Directly inspired by Enlightenment thought. Key evidence for any essay on political developments, rights, or Enlightenment influence.","Enlightenment philosophy (Locke, Rousseau); American Declaration of Independence as model; Desire to establish principles for new government",Legal equality declared; Old Regime privileges abolished in principle; Inspires subsequent declarations of rights worldwide; Women excluded (Olympe de Gouges protests),Rights of Man: 'Men are born and remain free and equal in rights',Viault Ch.14; CED,high
u5-003,1791,1791,1791,exact,Civil Constitution of the Clergy,event,5,5.1,France,religion; political,SOP; CID,2,"National Assembly subordinates the Catholic Church to the state, requiring clergy to swear loyalty oaths — splits French society.","Alienates Catholic population, creates counter-revolutionary opposition, and demonstrates the tension between revolutionary secularism and traditional faith.",Enlightenment anticlericalism; Need for church lands to solve financial crisis; Desire to subordinate all institutions to the nation,Clergy divided between 'juring' and 'non-juring'; Catholic resistance to Revolution; Vendée uprising; Deepens revolutionary divisions,Civil Constitution: clergy must swear to the Revolution — church splits,Viault Ch.14; CED,high
u5-004,1792–1794,1792,1794,range,Radical Phase and Reign of Terror,period,5,5.2,France,political; social,SOP; SOD,1,"Revolution radicalizes: monarchy abolished, king executed, Committee of Public Safety under Robespierre wages Terror against 'enemies of the Republic.'","Shows how revolution can radicalize: from liberal reform to mass executions. Reign of Terror (~17,000 executed) demonstrates the dark side of revolutionary idealism.",War with Austria and Prussia; Internal counter-revolution; Sans-culottes pressure for radical action; Jacobin ideology of virtue and terror,"Louis XVI executed (Jan 1793); ~17,000 officially executed during Terror; Mass mobilization (levée en masse); De-Christianization campaign; Thermidorian Reaction (July 1794) ends Terror",Terror: Robespierre = 'Republic of Virtue' enforced by guillotine,Viault Ch.14; CED,high
u5-005,1799–1815,1799,1815,range,Napoleon's Rule,period,5,5.3,France; Italy; German States; Spain; Austria; Russia,political; war-diplomacy,SOP; NEI,1,"Napoleon rises from military hero to Emperor, consolidating revolutionary reforms (Napoleonic Code) while waging wars of conquest across Europe.","Napoleon both preserves and betrays the Revolution. His conquests spread revolutionary ideas (nationalism, legal equality) while provoking nationalist resistance. Essential for causation essays.",French Revolution's instability; Napoleon's military genius; Desire for order after revolutionary chaos; French nationalism,Napoleonic Code establishes legal equality; Continental System (economic warfare); Nationalist reactions across Europe; Invasion of Russia (1812) — catastrophic defeat; Congress of Vienna restores conservative order,Napoleon: revolution's general becomes Europe's emperor; Code outlasts conquests,Viault Ch.15; CED,high
u5-006,1814–1815,1814,1815,range,Congress of Vienna,event,5,5.4,Austria; France; Britain; Russia; German States,war-diplomacy; political,SOP; NEI,1,"Metternich, Castlereagh, Talleyrand, and Alexander I redraw Europe's map after Napoleon, guided by balance of power, legitimacy, and compensation.",Establishes the post-Napoleonic conservative order. Congress system maintains peace (mostly) until 1853. Key comparison with Treaty of Versailles.,Defeat of Napoleon; Desire to prevent future French aggression; Conservative reaction against revolutionary principles,Balance of power restored; Legitimate dynasties restored; Concert of Europe maintains order; Nationalism and liberalism suppressed but not eliminated; Seeds of 1830 and 1848 revolutions,Vienna 1815: Metternich dances while redrawing the map,Viault Ch.16; CED,high
u6-001,c. 1760–1840,1760,1840,range,Industrial Revolution (First),process,6,6.1,Britain; France; German States; Belgium,economic; scientific; social,ECON; TSI; SOD,1,"Transformation from agrarian/handicraft economy to machine-powered factory production, beginning in British textiles and spreading to continental Europe.","Alongside the French Revolution, the most transformative development in AP Euro. Changes everything: class structure, urbanization, politics, family life, environment, and global power.","Agricultural revolution increases food supply; Available capital from commercial revolution; Access to coal and iron; Stable government and property rights in Britain; Technological innovations (spinning jenny, water frame, steam engine)",Factory system and urbanization; New social classes (industrial bourgeoisie and proletariat); Child and women labor exploitation; Railroads transform transportation; Basis for British global dominance; Inspires socialism and labor movements,Industrial Revolution: steam + factories + cities = modern world born in Britain,Viault Ch.20; CED,high
u6-002,c. 1800–1850,1800,1850,range,Urbanization and Social Consequences,process,6,6.2,Britain; France; German States; Belgium,social; economic,SOD; ECON,1,"Rapid growth of industrial cities creates overcrowding, pollution, disease, child labor, and class tensions while also generating new forms of social organization.","Essential for AP social history: industrialization creates both unprecedented wealth and unprecedented misery. Key evidence for essays on social change, reform, and class conflict.",Factory system concentrates workers in cities; Rural-to-urban migration; Lack of urban planning or sanitation infrastructure,"Public health crises (cholera, typhus); Child labor in factories and mines; Working-class movements emerge; Reform legislation (Factory Acts, public health acts); New class consciousness","Urbanization: factories bring people, people bring problems",Viault Ch.20; CED,high
u6-003,c. 1830–1850,1830,1850,range,Railroad Expansion,process,6,6.1,Britain; France; German States; Belgium,economic; scientific,TSI; ECON,2,"Railroad networks rapidly expand across Europe, dramatically reducing transportation costs, integrating markets, spurring heavy industry, and reshaping social experience.","Railroads are the signature technology of industrialization: they accelerate everything — trade, urbanization, nationalism (e.g., Zollverein), and military mobilization.",Steam engine technology; Demand for efficient coal and goods transport; Government and private investment,"Integrated national markets; Urbanization accelerated; Heavy industry (iron, steel, coal) stimulated; National unity fostered (German Zollverein); Social mobility and new experiences of time/space",Railroads: iron horses pulling Europe into the modern age,Viault Ch.20; CED,high
u7-001,1830,1830,1830,exact,Revolutions of 1830,event,7,7.1,France; Belgium; German States; Italy,political,SOP; NEI,2,Wave of revolutions: France replaces Bourbon with Orléans monarchy; Belgium wins independence from Netherlands; revolts in Italy and Poland fail.,"Shows that revolutionary ideals of 1789 are not dead despite Vienna settlement. Mixed results: success in France and Belgium, failure in Italy and Poland.",Post-Vienna conservative repression; Liberal and nationalist aspirations; Charles X's reactionary policies in France,Louis-Philippe becomes 'citizen king' in France; Belgian independence; Failed revolts strengthen conservative resolve in Central/Eastern Europe; Liberal-nationalist alliance demonstrated,"1830: France gets a new king, Belgium gets independence, rest gets crushed",Viault Ch.18; CED,high
u7-002,1848,1848,1848,exact,Revolutions of 1848,event,7,7.2,France; German States; Austria; Italy; Hungary,political; social; nationalism,SOP; NEI; SOD,1,"'Springtime of Peoples': revolutions sweep across Europe demanding liberal constitutions, national self-determination, and social reform — all ultimately fail.","The most widespread revolutionary wave in European history. Their failure shows the power of conservatism, military force, and divisions among revolutionaries. Pivotal turning point.",Economic crisis and famine (1846-47); Liberal and nationalist frustrations since 1815; Urban working-class grievances; Failure of moderate reform,All revolutions ultimately fail; Second French Republic (briefly); Frankfurt Parliament fails to unify Germany; Habsburg Empire survives; Nationalism becomes more conservative/militaristic (Realpolitik); Liberals disillusioned,"1848: revolutions everywhere, success nowhere — the 'turning point that failed to turn'",Viault Ch.22; CED,high
u7-003,1848,1848,1848,exact,Marx and Engels Publish The Communist Manifesto,work,7,7.3,German States; Britain,intellectual; economic; social,CID; ECON; SOD,1,"Karl Marx and Friedrich Engels call for proletarian revolution to overthrow capitalism, abolish private property, and create a classless communist society.","Most influential socialist text in history. Marx's ideas shape labor movements, inspire the Russian Revolution, and define one side of the 20th-century ideological divide.",Industrial Revolution creates urban proletariat; Worker exploitation and class consciousness; Hegelian dialectical philosophy; Enlightenment faith in progress through reason,Foundation of Marxist/communist ideology; International socialist and labor movements; Influences Russian Revolution (1917); Cold War ideological division; Challenges to liberal capitalism,"Marx 1848: 'Workers of the world, unite!' — class struggle drives history",Viault Ch.21; CED,high
u7-004,c. 1830–1914,1830,1914,range,Labor Movements and Reforms,process,7,7.3,Britain; France; German States,social; political; economic,SOD; ECON; SOP,2,"Workers organize trade unions, strike, and agitate for better conditions; governments respond with factory acts, public health legislation, and eventual welfare measures.","Shows the dialectic between industrial exploitation and reform — neither pure capitalism nor revolution, but gradual improvement through political pressure.",Industrial working conditions; Chartism in Britain; Socialist and Marxist ideas; Working-class political consciousness,Factory Acts limit hours and child labor; Trade unions legalized; Expanded suffrage; Bismarck's welfare state; Fabian socialism and reformism,"Workers organize, strike, vote — capitalism slowly reforms itself","CED; Viault Ch.21,24",high
u7-005,1861–1871,1861,1871,range,German Unification,process,7,7.4,German States,political; war-diplomacy; nationalism,SOP; NEI,1,"Bismarck unifies Germany through 'blood and iron' — three wars (Denmark, Austria, France) create a Prussian-led German Empire proclaimed at Versailles in 1871.",Transforms the European balance of power. German unification through Realpolitik (not liberalism) becomes the model for power politics. Creates the conditions for WWI.,Failure of liberal unification in 1848; Bismarck's Realpolitik strategy; Prussian military and industrial strength; Nationalism as a political tool,German Empire proclaimed (1871); France humiliated → Franco-German rivalry; European balance of power disrupted; Bismarck's alliance system; Kulturkampf against Catholics,Bismarck: 'blood and iron' → three wars → Germany united 1871,Viault Ch.23; CED,high
u7-006,1859–1871,1859,1871,range,Italian Unification,process,7,7.4,Italy,political; war-diplomacy; nationalism,SOP; NEI,1,"Italy unifies through combination of Cavour's diplomacy, Garibaldi's military campaigns, and French support, creating the Kingdom of Italy by 1861 (Rome added 1870).",Key comparison with German unification: both driven by nationalism but different methods (diplomacy + popular uprising vs. military force). Shows complexity of nationalism.,Failure of 1848 revolutions; Cavour's diplomatic skill; Garibaldi's popular nationalism; French alliance against Austria,Kingdom of Italy proclaimed (1861); Rome becomes capital (1870); 'Roman Question' with papacy; Italy remains divided between north and south; New player in European power politics,"Italian unification: Cavour plots, Garibaldi fights, Victor Emmanuel reigns",Viault Ch.23; CED,high
u7-007,c. 1870–1914,1870,1914,range,New Imperialism,process,7,7.5,Britain; France; German States; Belgium; Italy; Russia,imperial; economic; political; nationalism,INT; ECON; NEI,1,"European powers scramble to colonize Africa, Asia, and the Pacific, driven by economic competition, nationalism, military rivalry, Social Darwinism, and technological superiority.","Defines the age: connects nationalism, racism, capitalism, and great-power rivalry. Berlin Conference (1884-85) partitions Africa. Generates tensions that contribute to WWI.","Industrial need for raw materials and markets; Nationalism and great-power competition; Social Darwinism and racial ideology; Technological superiority (quinine, machine guns, steamships); Strategic/military considerations",Most of Africa and much of Asia colonized; Berlin Conference (1884-85); Exploitation of colonial peoples; Increased European rivalries; White man's burden ideology; Anti-colonial resistance,New Imperialism: Europe carves up Africa and Asia — Berlin Conference = the knife,Viault Ch.27; CED,high
u7-008,1859,1859,1859,exact,Darwin Publishes On the Origin of Species,work,7,7.6,Britain,scientific; intellectual,TSI; CID,1,"Charles Darwin proposes evolution by natural selection, challenging religious explanations of creation and transforming biology, social thought, and philosophy.","Revolutionary scientific work that challenges traditional religion, inspires Social Darwinism (misapplication), and reshapes intellectual life. Key science-religion comparison.",Voyage on HMS Beagle; Geological evidence of deep time; Malthus's population theory,Theory of evolution becomes scientific consensus; Church-science conflict intensified; Social Darwinism misapplied to justify racism and imperialism; Secularization of intellectual life accelerated,"Darwin 1859: natural selection = evolution, not creation",Viault Ch.26; CED,high
u7-009,1894–1906,1894,1906,range,Dreyfus Affair,event,7,7.7,France,political; social,SOP; NEI; SOD,2,"French Jewish army officer Alfred Dreyfus wrongly convicted of treason; affair exposes deep divisions over antisemitism, militarism, clericalism, and republicanism.","Reveals persistence of antisemitism, division between republican/secular and conservative/clerical France, and the power of mass media and public opinion.",Antisemitism in French army and society; Forged evidence; Military-clerical establishment protects real spy,Dreyfus eventually exonerated; Émile Zola's 'J'accuse' galvanizes public opinion; Separation of church and state in France (1905); Theodor Herzl inspired to launch Zionism,Dreyfus: wrongly convicted Jew splits France — Zola says 'J'accuse!',Viault Ch.24; CED,high
u8-001,1914–1918,1914,1918,range,World War I,war,8,8.1,France; Britain; German States; Austria; Russia; Italy,war-diplomacy; political; social,SOP; SOD; INT,1,"Unprecedented total war: alliance systems, trench warfare, new technology, home front mobilization, and massive casualties (10+ million dead) reshape Europe.","Destroys four empires (Ottoman, Austro-Hungarian, Russian, German), produces the Russian Revolution, redraws the map of Europe, and creates conditions for WWII. The 20th century's defining catastrophe.",Alliance systems (Triple Alliance vs. Triple Entente); Militarism and arms race; Nationalism and imperial rivalries; Balkans as powder keg; Assassination of Archduke Franz Ferdinand (1914),"10+ million dead; Russian Revolution (1917); German, Austro-Hungarian, Ottoman, Russian empires collapse; Treaty of Versailles; League of Nations; Women's roles transformed; Total war concept established","WWI: MAIN causes (Militarism, Alliances, Imperialism, Nationalism)",Viault Ch.28-29; CED,high
u8-002,1919,1919,1919,exact,Treaty of Versailles,treaty,8,8.2,France; Britain; German States,war-diplomacy; political,SOP; NEI,1,"Peace treaty imposes harsh terms on Germany: war guilt, reparations, territorial losses, military limits, and League of Nations — but Germany not destroyed.","Perhaps the most consequential treaty in AP Euro. Its harshness fuels German resentment (Hitler exploits this), while its weakness fails to prevent WWII. Key causation essay topic.",WWI devastation; French desire for security and revenge; Wilson's Fourteen Points vs. European realpolitik; War guilt and reparations debates,Germany humiliated but not crushed; War guilt clause (Article 231); Reparations burden; League of Nations (without US); German resentment fuels Nazi rise; New nations created in Eastern Europe,"Versailles: too harsh to forgive, too soft to prevent — the treaty that failed",Viault Ch.29; CED,high
u8-003,1917,1917,1917,exact,Russian Revolution,event,8,8.3,Russia,political; social; economic,SOP; SOD; ECON,1,"February Revolution overthrows the tsar; October Revolution brings Lenin's Bolsheviks to power, establishing the world's first communist state.","One of the 20th century's most consequential events. Creates the Soviet Union, inspires global communist movements, and sets up the Cold War ideological conflict.",WWI military disasters and economic strain; Tsarist autocracy and resistance to reform; Peasant land hunger and worker exploitation; Bolshevik organization and Lenin's leadership; Marxist ideology,End of Romanov dynasty; Soviet Union established; Treaty of Brest-Litovsk (Russia exits WWI); Civil war (1918-1921); Communism as global alternative to capitalism; Fear of revolution shapes Western politics,"1917: two revolutions — February topples tsar, October brings Lenin",Viault Ch.30; CED,high
u8-004,1929–1939,1929,1939,range,Great Depression,period,8,8.4,Britain; France; German States; Italy; Eastern Europe,economic; political; social,ECON; SOP; SOD,1,"Global economic collapse: mass unemployment, bank failures, trade collapse — destabilizes democracies and enables rise of fascism and Nazism.",Direct cause of Hitler's rise to power. Shows how economic crisis can destroy democratic institutions. Essential for causation essays linking economics to political extremism.,US stock market crash (1929); Overproduction and underconsumption; International debt and reparations problems; Structural weaknesses in post-WWI economies,Mass unemployment across Europe; Weimar Republic destabilized → Nazi rise; Democratic governments weakened; Turn toward economic nationalism; Government intervention in economy increases (Keynesianism),"Depression: no jobs, no hope → people turn to dictators",Viault Ch.32; CED,high
u8-005,1933–1945,1933,1945,range,Nazi Germany / Hitler's Rule,period,8,8.5,German States,political; social; war-diplomacy,SOP; SOD; NEI,1,"Hitler establishes totalitarian Nazi dictatorship based on racial ideology, militarism, antisemitism, and aggressive expansion, culminating in WWII and the Holocaust.","The most extreme example of totalitarianism and its consequences. Understanding Nazism is essential for essays on authoritarianism, ideology, genocide, and the causes of WWII.",Versailles humiliation and war guilt; Great Depression economic crisis; Weimar Republic's weaknesses; Hitler's charisma and propaganda; Fear of communism; Antisemitism,Totalitarian state (Gleichschaltung); Nuremberg Laws and Holocaust; Aggressive expansion and appeasement; World War II; 12+ million killed in Holocaust,Hitler: Versailles + Depression + antisemitism → totalitarianism → war → Holocaust,Viault Ch.32; CED,high
u8-006,1922–1953,1922,1953,range,Stalin's Soviet Union,period,8,8.3,Russia,political; economic; social,SOP; ECON; SOD,1,"Stalin transforms the USSR through forced collectivization, Five-Year Plans, and the Great Purges — industrializing rapidly at enormous human cost.","Key comparison with Nazi Germany as totalitarian state. Stalin's policies kill millions (famine, purges, gulags) while industrializing the USSR. Essential for comparative totalitarianism essays.",Lenin's death and power struggle; Desire for rapid industrialization; Communist ideology of centralized control; Stalin's personal ruthlessness,"Forced collectivization → famine (Ukraine, ~5 million dead); Rapid industrialization via Five-Year Plans; Great Purges (1936-38); Gulag system; USSR becomes industrial/military power; Totalitarian state model","Stalin: collectivize, industrialize, terrorize — millions die, USSR becomes superpower",Viault Ch.30; CED,high
u8-007,1939–1945,1939,1945,range,World War II,war,8,8.6,France; Britain; German States; Russia; Italy; Eastern Europe,war-diplomacy; political,SOP; INT,1,"Global war caused by Nazi aggression, appeasement failure, and unresolved WWI issues; includes unprecedented destruction, Holocaust, and reshapes world order.","Culmination of interwar failures. Leads to the Cold War, decolonization, European integration, and the modern world order. 60+ million dead worldwide.",Nazi aggression and expansionism; Appeasement (Munich 1938); Nazi-Soviet Pact (1939); Failure of collective security (League of Nations); Unresolved Versailles issues,60+ million dead; Holocaust; Europe devastated; Cold War begins; Decolonization accelerates; United Nations established; Nuremberg Trials establish principle of international justice,"WWII: Hitler's war destroys Europe, creates the Cold War world",Viault Ch.34-35; CED,high
u8-008,1941–1945,1941,1945,range,The Holocaust,event,8,8.6,German States; Eastern Europe,social; political,SOD; SOP; NEI,1,"Systematic Nazi genocide of 6 million Jews plus millions of Roma, disabled, political prisoners, and others — industrial-scale murder unprecedented in history.","The most extreme consequence of European antisemitism, racism, and totalitarianism. Essential for understanding human rights, memory, and the post-war moral order.",Centuries of European antisemitism; Nazi racial ideology; Wartime conditions enabling secrecy and scale; Bureaucratic efficiency applied to murder; Wannsee Conference (1942) coordinates 'Final Solution',6 million Jews murdered; Millions of others killed; Creation of Israel (1948); Nuremberg Trials; Human rights movement; 'Never again' as moral imperative; Trauma shapes European identity,Holocaust: 6 million Jews — industrial genocide born of ideology and bureaucracy,CED; Viault Ch.35,high
u9-001,1947–1991,1947,1991,range,Cold War,process,9,9.1,Russia; France; Britain; German States; Eastern Europe,war-diplomacy; political,SOP; INT,1,"Ideological, political, and military rivalry between the US-led Western bloc and Soviet-led Eastern bloc, dividing Europe and shaping global politics for 45 years.","Dominant framework for post-1945 European history. Determines alliances, economics, culture, and the daily lives of Europeans on both sides of the Iron Curtain.",Ideological conflict: capitalism vs. communism; Post-WWII power vacuum in Europe; Soviet control of Eastern Europe; Truman Doctrine and containment policy; Berlin Blockade (1948-49),NATO vs. Warsaw Pact; Berlin Wall (1961-1989); Arms race and nuclear threat; Proxy conflicts worldwide; European integration in West; Repression in East; Détente → Gorbachev → collapse of USSR,Cold War: iron curtain divides Europe — capitalism vs. communism for 45 years,Viault Ch.36; CED,high
u9-002,1948,1948,1948,exact,Marshall Plan,event,9,9.1,France; Britain; German States; Italy; Netherlands,economic; war-diplomacy,ECON; SOP; INT,1,"US provides ~$13 billion in economic aid to rebuild Western Europe, stimulating recovery, strengthening capitalism, and binding Europe to the US-led Western bloc.","Explains Western Europe's rapid post-war recovery, strengthens US-European alliance, and is rejected by USSR — deepening Cold War division.",European post-war devastation; Fear of communist expansion; US desire for stable trading partners; Truman Doctrine,Western European economic recovery; Strengthens US-European alliance; Rejected by USSR and Eastern Europe; Contributes to European integration; Cold War division deepened,"Marshall Plan: America rebuilds Europe, buys allies against communism",Viault Ch.36; CED,high
u9-003,1951–present,1951,2026,range,European Integration,process,9,9.3,France; German States; Italy; Netherlands; Belgium; Britain; Spain; Eastern Europe,political; economic,SOP; ECON; NEI,1,From ECSC (1951) through EEC (1957) to EU (1993) and euro (2002): European nations progressively integrate economically and politically to prevent war and promote prosperity.,"Most significant long-term development in post-war Europe. Transforms former enemies into partners. Key for essays on European identity, sovereignty, and contemporary challenges.",Devastation of two world wars; Cold War incentive for Western unity; Economic interdependence; Franco-German reconciliation; Desire to prevent future war,"Common market and customs union; Single currency (euro); Free movement of people; Expansion to 27+ members; Challenges: Brexit, migration, populism; European identity debated",ECSC → EEC → EU → euro: from coal and steel to a continent united,CED; Viault Ch.37,high
u9-004,1956,1956,1956,exact,Hungarian Revolution,event,9,9.2,Eastern Europe,political; war-diplomacy,SOP; NEI,2,"Hungarians revolt against Soviet-backed communist government; Soviet tanks crush the uprising, killing thousands and demonstrating the limits of de-Stalinization.",Shows Soviet willingness to use force to maintain Eastern bloc control. Key evidence for Cold War repression and the failure of reform within the Soviet system.,De-Stalinization under Khrushchev; Hungarian desire for independence; Economic grievances; Inspiration from Polish protests,"~2,500 Hungarians killed; 200,000 flee to West; Soviet control of Eastern Europe reaffirmed; Western inaction demonstrates Cold War limits; Dampens reform hopes in Eastern Europe",Hungary 1956: revolt crushed by Soviet tanks — freedom will have to wait,Viault Ch.38; CED,high
u9-005,1968,1968,1968,exact,Prague Spring and 1968 Protests,event,9,9.2,Eastern Europe; France; German States,political; social,SOP; SOD; CID,1,"Dubček's reforms in Czechoslovakia ('socialism with a human face') crushed by Soviet invasion; simultaneously, student/worker protests sweep Western Europe.",1968 is a pivotal year: shows both Cold War repression (East) and generational/cultural rebellion (West). Prague Spring demonstrates impossibility of reforming Soviet system from within.,"De-Stalinization pressures; Dubček's reformist agenda; Western youth radicalism; Vietnam War opposition; Cultural revolution (sexual, feminist, anti-establishment)",Brezhnev Doctrine: USSR will intervene to protect socialism; Western student movements reshape culture; May 1968 in France (near-revolution); Counterculture and New Left; Limits of reform communism shown,"1968: Prague crushed, Paris burns, world youth rebels",CED; Viault Ch.38,high
u9-006,1989–1991,1989,1991,range,Fall of Communism,event,9,9.4,German States; Eastern Europe; Russia,political,SOP; NEI,1,"Berlin Wall falls (1989), communist regimes collapse across Eastern Europe, Germany reunifies (1990), and the Soviet Union dissolves (1991) — ending the Cold War.","Most important turning point since 1945. Ends the Cold War, reunifies Europe, and raises hopes for democracy and integration — but also creates new challenges.",Gorbachev's glasnost and perestroika; Economic failure of communist systems; Solidarity movement in Poland; Nationalist pressures within USSR; Inability to sustain arms race,"Berlin Wall falls (Nov 9, 1989); German reunification (1990); Soviet Union dissolves (Dec 1991); Former communist states transition to democracy and capitalism; EU and NATO expand eastward; New challenges: ethnic conflict (Yugoslavia), economic shock therapy","1989: Wall falls; 1991: USSR falls — Cold War over, new world begins",CED; Viault Ch.38,high
u9-007,1992–present,1992,2026,range,Contemporary European Challenges,process,9,9.5,France; Britain; German States; Eastern Europe; Balkans,political; social; economic,SOP; NEI; SOD; ECON,2,"Post-Cold War Europe faces EU expansion, migration crises, populist movements, Brexit (2016-2020), terrorism, economic crises, and debates over European identity.","Contemporary context for the entire course. Shows that historical forces (nationalism, integration, migration, economic inequality) continue to shape Europe today.",End of Cold War creates new instabilities; Globalization creates winners and losers; Immigration from Middle East and Africa; Eurozone economic crises; Rise of populist/nationalist movements,EU expands to 27+ members but faces internal tensions; Brexit (UK leaves EU); Yugoslav Wars (1990s); Migration crises; Populist parties gain power; Debates over sovereignty vs. integration,Contemporary Europe: united but divided — integration vs. nationalism continues,CED,high
u8-009,1922–1943,1922,1943,range,Fascist Italy / Mussolini,period,8,8.4,Italy,political,SOP; NEI,1,"Mussolini establishes the first fascist state: one-party rule, corporate state, aggressive nationalism, cult of personality, but less total control than Nazi Germany.",Mussolini creates the fascist model that Hitler adapts. Important comparison: Italian fascism is authoritarian but less ideologically extreme and less efficient than Nazism.,Post-WWI disillusionment; Fear of communist revolution; Weak liberal government; Nationalist frustration over 'mutilated victory',One-party state established; Lateran Pacts with papacy (1929); Ethiopia invaded (1935); Alliance with Nazi Germany; Italy enters WWII (1940); Mussolini overthrown (1943),"Mussolini: first fascist, model for Hitler, but less extreme and less efficient",Viault Ch.31; CED,high
u7-010,c. 1870–1914,1870,1914,range,Second Industrial Revolution,process,7,7.5,German States; Britain; France; Italy; Russia,economic; scientific,ECON; TSI,1,"New wave of industrialization based on steel, chemicals, electricity, and petroleum; Germany and the US challenge British industrial dominance.","Transforms the economy again: new industries, new technologies, new forms of corporate organization. Germany's industrial rise directly contributes to great-power rivalries and WWI.","Scientific advances applied to industry; New energy sources (electricity, petroleum); Corporate organization and finance; Government investment in infrastructure and education","Mass production and consumer goods; New industrial powers (Germany, US); Urbanization accelerates; Working-class grows; Intensified international competition; Foundation for total war capability","2nd Industrial Rev: steel, chemicals, electricity — Germany rises, Britain worries",Viault Ch.26; CED,high
u9-008,c. 1945–1975,1945,1975,range,Decolonization,process,9,9.3,France; Britain; Netherlands; Belgium,imperial; political,INT; SOP; NEI,1,"European colonial empires dissolve as colonies gain independence — sometimes peacefully (British India), sometimes violently (Algeria, Vietnam).",Ends 500 years of European global dominance. Shows how WWII weakened imperial powers and how anti-colonial nationalism drew on European revolutionary ideas.,WWII weakens European powers; Anti-colonial nationalism; Cold War context (US/USSR oppose colonialism); UN Charter supports self-determination; Cost of maintaining empires,Dozens of new nations in Africa and Asia; Algerian War (1954-62) traumatizes France; Suez Crisis (1956) humiliates Britain and France; Immigration to former colonial powers; Postcolonial identities and conflicts,Decolonization: empires built over 500 years crumble in 30,CED; Viault Ch.39,high
u9-009,c. 1945–1980,1945,1980,range,Welfare State,process,9,9.3,Britain; France; German States; Scandinavia,economic; social; political,ECON; SOD; SOP,1,"Western European governments build comprehensive social safety nets: national health care, pensions, unemployment insurance, public education — the 'cradle to grave' welfare state.",Defines post-war Western European society. Shows how capitalism was reformed (not replaced) to prevent the conditions that produced fascism and communism.,Post-war consensus for social reform; Beveridge Report (1942) in Britain; Fear of return to Depression-era conditions; Labor/social democratic political strength; Cold War competition with communist welfare claims,"Universal healthcare (NHS in Britain); Comprehensive social insurance; Reduced inequality; Consumer society; Later challenged by neoliberalism (Thatcher, 1980s)","Welfare state: from cradle to grave — government provides, capitalism persists",CED; Viault Ch.37,high
u4-013,c. 1620–1700,1620,1700,range,Bacon and Descartes: New Methods,event,4,4.1,Britain; France,intellectual; scientific,CID; TSI,2,Francis Bacon promotes empiricism/inductive reasoning; René Descartes promotes rationalism/deductive reasoning — together they establish the foundations of modern scientific method.,Bacon and Descartes define the two pillars of modern knowledge: observation and reason. Essential for understanding how the Scientific Revolution changes European thought.,Scientific Revolution demands new methods; Dissatisfaction with Aristotelian/scholastic methods; Renaissance emphasis on observation,"Empiricism influences British philosophical tradition (Locke, Hume); Rationalism influences continental philosophy; Scientific method combining both approaches; Foundation for Enlightenment epistemology","Bacon = observe the world; Descartes = 'I think, therefore I am'",Viault Ch.11; CED,high
u4-014,c. 1700–1800,1700,1800,range,Voltaire and Religious Toleration,event,4,4.2,France,intellectual; religion,CID,1,"Voltaire champions religious toleration, free speech, and rational critique of superstition and fanaticism, becoming the Enlightenment's most famous voice.",Voltaire embodies the Enlightenment attack on intolerance and institutional religion. His wit and prolific writing make him the go-to example for Enlightenment critique.,Exposure to English liberty and Locke during exile; Outrage at religious persecution (Calas affair); Enlightenment values of reason and toleration,Popularizes Enlightenment ideas across Europe; Attacks on Catholic Church influence anticlerical movements; 'Écrasez l'infâme' (crush the infamous thing); Model for public intellectual engagement,"Voltaire: 'I may not agree with what you say, but I will defend your right to say it'",Viault Ch.12; CED,high
u5-007,1804,1804,1804,exact,Napoleonic Code,event,5,5.3,France,political; social,SOP; SOD,1,"Napoleon's comprehensive legal code establishes legal equality, property rights, and secular authority — codifying key revolutionary principles while reinforcing patriarchal authority.",Outlasts Napoleon's empire: adopted across Europe and beyond. Represents both the Revolution's achievements (legal equality) and limits (women's subordination).,Need to unify France's varied legal systems; Revolutionary principles of equality before law; Napoleon's desire for efficient administration,Legal equality and property rights codified; Spread across conquered territories; Patriarchal family law (women subordinated); Model for legal systems worldwide; Enduring legacy in continental European law,Napoleonic Code: equality before law (for men); women wait,Viault Ch.15; CED,high
u6-004,c. 1750–1850,1750,1850,range,Agricultural Revolution,process,6,6.1,Britain; Netherlands,economic; scientific,ECON; TSI,2,"Innovations in farming (crop rotation, enclosure, selective breeding, seed drill) increase food production, support population growth, and free labor for factories.","Precondition for Industrial Revolution: more food → population growth → surplus labor → factory workers. Enclosure displaces peasants, creating the industrial workforce.",Scientific approach to farming; Enclosure movement consolidates land; New crops from Columbian Exchange; Market incentives for efficiency,Population growth; Peasants displaced by enclosure → move to cities; Surplus labor for factories; Foundation for Industrial Revolution,Agri Revolution: better farming → more people → workers for factories,Viault Ch.20; CED,high
u5-008,1756–1763,1756,1763,range,Seven Years' War,war,5,5.5,France; Britain; Austria; German States; Russia,war-diplomacy,SOP; INT,2,"Global conflict ('first world war') pitting Britain/Prussia against France/Austria/Russia; Britain gains French colonies, Prussia survives, France is weakened financially.",Reshapes the colonial balance (Britain dominates) and weakens France financially — a direct cause of the French Revolution's fiscal crisis.,Diplomatic Revolution (alliance shift); Colonial rivalry between Britain and France; Prussian-Austrian rivalry; Frederick II's aggression,British colonial supremacy (Treaty of Paris 1763); French financial crisis → contributes to Revolution; Prussia confirmed as great power; Diplomatic Revolution pattern,"Seven Years' War: Britain wins colonies, France goes broke → Revolution",Viault Ch.10; CED,high
u7-011,c. 1815–1914,1815,1914,range,Feminism and Women's Rights Movements,process,7,7.7,Britain; France; German States,social; political,SOD; SOP,2,"Women organize for legal rights, education, property ownership, and eventually suffrage; Mary Wollstonecraft, suffragettes, and feminist intellectuals challenge patriarchy.",Essential AP social history: shows how excluded groups use Enlightenment and revolutionary language to demand inclusion. Key for gender-themed essays and complexity points.,Enlightenment ideas of natural rights applied to women; Wollstonecraft's Vindication of the Rights of Woman (1792); Women's role in revolutions and reform movements; Industrialization changes women's economic roles,Property rights for married women; Access to education and professions; Suffragette movement (early 20th century); Limited suffrage gains before WWI; WWI accelerates women's suffrage,"Wollstonecraft: 'If women have reason, they deserve rights' → suffragettes follow",CED,high
u8-010,1938,1938,1938,exact,Munich Agreement (Appeasement),event,8,8.5,German States; Britain; France,war-diplomacy; political,SOP,1,Britain and France allow Hitler to annex the Sudetenland from Czechoslovakia in exchange for 'peace in our time' — appeasement's most notorious failure.,Defines the concept of appeasement. Chamberlain's failure to stop Hitler at Munich becomes the cautionary tale for all subsequent foreign policy. Key for causation of WWII.,Hitler's demand for Sudetenland (German speakers); British/French desire to avoid war; Memories of WWI carnage; Belief that Hitler's demands were limited,Hitler emboldened — takes rest of Czechoslovakia (1939); Appeasement discredited; War becomes inevitable; Churchill vindicated; Lesson shapes Cold War resolve,"Munich 1938: Chamberlain waves paper, says 'peace' — wrong",Viault Ch.34; CED,high
u9-010,1961,1961,1961,exact,Berlin Wall Built,event,9,9.2,German States,political; war-diplomacy,SOP; NEI,1,East Germany builds a wall dividing Berlin to stop mass emigration to the West — becomes the most potent symbol of Cold War division.,Physical embodiment of the Iron Curtain. Its fall in 1989 becomes the symbol of communism's collapse. Essential evidence for Cold War essays.,Mass emigration from East to West Germany; Soviet desire to stabilize East German regime; Cold War tensions over Berlin,Families divided; East Germany stabilized (temporarily); Symbol of Cold War oppression; Its fall (1989) becomes the defining image of communism's end,"1961: wall goes up, divides Berlin; 1989: wall comes down, Europe reunites",CED; Viault Ch.36,high
